1.000000000000000000e+00,1.000000000000000000e+00,1.527777777777777901e-01,5.972222222222223209e-01
0.000000000000000000e+00,0.000000000000000000e+00,4.995864661654135230e-01,1.932706766917293151e-01
1.000000000000000000e+00,1.000000000000000000e+00,1.527777777777777901e-01,5.972222222222223209e-01
1.000000000000000000e+00,1.000000000000000000e+00,1.527777777777777901e-01,5.972222222222223209e-01
1.000000000000000000e+00,1.000000000000000000e+00,1.612654320987654266e-01,6.304012345679013141e-01
0.000000000000000000e+00,1.000000000000000000e+00,5.055555555555556468e-01,0.000000000000000000e+00
0.000000000000000000e+00,0.000000000000000000e+00,4.944360902255638957e-01,1.912781954887217972e-01
1.000000000000000000e+00,1.000000000000000000e+00,1.697530864197530909e-01,6.635802469135803072e-01
1.000000000000000000e+00,1.000000000000000000e+00,1.612654320987654266e-01,6.304012345679013141e-01
1.000000000000000000e+00,0.000000000000000000e+00,1.680555555555555691e-01,6.569444444444445530e-01
1.000000000000000000e+00,1.000000000000000000e+00,1.629629629629629484e-01,6.370370370370370683e-01
0.000000000000000000e+00,0.000000000000000000e+00,4.686842105263158142e-01,1.813157894736842080e-01
1.000000000000000000e+00,0.000000000000000000e+00,1.578703703703703554e-01,6.171296296296296946e-01
1.000000000000000000e+00,1.000000000000000000e+00,1.544753086419753119e-01,6.038580246913580751e-01
1.000000000000000000e+00,1.000000000000000000e+00,1.646604938271604979e-01,6.436728395061729335e-01
1.000000000000000000e+00,1.000000000000000000e+00,1.595679012345679049e-01,6.237654320987654488e-01
1.000000000000000000e+00,1.000000000000000000e+00,1.629629629629629484e-01,6.370370370370370683e-01
1.000000000000000000e+00,1.000000000000000000e+00,1.612654320987654266e-01,6.304012345679013141e-01
1.000000000000000000e+00,1.000000000000000000e+00,1.697530864197530909e-01,6.635802469135803072e-01
0.000000000000000000e+00,0.000000000000000000e+00,4.995864661654135230e-01,1.932706766917293151e-01
0.000000000000000000e+00,0.000000000000000000e+00,4.789849624060150135e-01,1.853007518796992159e-01
1.000000000000000000e+00,1.000000000000000000e+00,0.000000000000000000e+00,3.428571428571428048e-01
1.000000000000000000e+00,1.000000000000000000e+00,1.646604938271604979e-01,6.436728395061729335e-01
1.000000000000000000e+00,1.000000000000000000e+00,1.612654320987654266e-01,6.304012345679013141e-01
0.000000000000000000e+00,0.000000000000000000e+00,4.841353383458646409e-01,1.872932330827067338e-01
1.000000000000000000e+00,1.000000000000000000e+00,0.000000000000000000e+00,4.090909090909091161e-01
0.000000000000000000e+00,1.000000000000000000e+00,4.841353383458646409e-01,1.872932330827067338e-01
1.000000000000000000e+00,1.000000000000000000e+00,1.561728395061728614e-01,6.104938271604939404e-01
1.000000000000000000e+00,1.000000000000000000e+00,1.561728395061728614e-01,6.104938271604939404e-01
1.000000000000000000e+00,1.000000000000000000e+00,6.981981981981982832e-02,4.468468468468468902e-01
0.000000000000000000e+00,0.000000000000000000e+00,5.098872180451127223e-01,1.972556390977443508e-01
0.000000000000000000e+00,0.000000000000000000e+00,4.789849624060150135e-01,1.853007518796992159e-01
1.000000000000000000e+00,1.000000000000000000e+00,1.544753086419753119e-01,6.038580246913580751e-01
1.000000000000000000e+00,1.000000000000000000e+00,1.561728395061728614e-01,6.104938271604939404e-01
1.000000000000000000e+00,1.000000000000000000e+00,1.527777777777777901e-01,5.972222222222223209e-01
1.000000000000000000e+00,1.000000000000000000e+00,1.595679012345679049e-01,6.237654320987654488e-01
0.000000000000000000e+00,1.000000000000000000e+00,5.098872180451127223e-01,1.972556390977443508e-01
1.000000000000000000e+00,1.000000000000000000e+00,1.697530864197530909e-01,6.635802469135803072e-01
1.000000000000000000e+00,1.000000000000000000e+00,1.595679012345679049e-01,6.237654320987654488e-01
1.000000000000000000e+00,1.000000000000000000e+00,1.663580246913580196e-01,6.503086419753086878e-01
0.000000000000000000e+00,0.000000000000000000e+00,4.686842105263158142e-01,1.813157894736842080e-01
1.000000000000000000e+00,1.000000000000000000e+00,1.612654320987654266e-01,6.304012345679013141e-01
1.000000000000000000e+00,1.000000000000000000e+00,1.595679012345679049e-01,6.237654320987654488e-01
1.000000000000000000e+00,1.000000000000000000e+00,1.561728395061728614e-01,6.104938271604939404e-01
0.000000000000000000e+00,0.000000000000000000e+00,4.500000000000001221e-01,0.000000000000000000e+00
0.000000000000000000e+00,0.000000000000000000e+00,3.266666666666666052e-01,0.000000000000000000e+00
1.000000000000000000e+00,1.000000000000000000e+00,1.612654320987654266e-01,6.304012345679013141e-01
0.000000000000000000e+00,1.000000000000000000e+00,5.388888888888888618e-01,0.000000000000000000e+00
1.000000000000000000e+00,1.000000000000000000e+00,1.663580246913580196e-01,6.503086419753086878e-01
1.000000000000000000e+00,1.000000000000000000e+00,1.527777777777777901e-01,5.972222222222223209e-01
1.000000000000000000e+00,1.000000000000000000e+00,1.578703703703703554e-01,6.171296296296296946e-01
0.000000000000000000e+00,1.000000000000000000e+00,4.738345864661654416e-01,1.833082706766917258e-01
0.000000000000000000e+00,0.000000000000000000e+00,5.047368421052631504e-01,1.952631578947368329e-01
0.000000000000000000e+00,1.000000000000000000e+00,4.789849624060150135e-01,1.853007518796992159e-01
1.000000000000000000e+00,1.000000000000000000e+00,1.578703703703703554e-01,6.171296296296296946e-01
1.000000000000000000e+00,1.000000000000000000e+00,1.527777777777777901e-01,5.972222222222223209e-01
1.000000000000000000e+00,1.000000000000000000e+00,1.629629629629629484e-01,6.370370370370370683e-01
1.000000000000000000e+00,1.000000000000000000e+00,1.663580246913580196e-01,6.503086419753086878e-01
0.000000000000000000e+00,0.000000000000000000e+00,5.047368421052631504e-01,1.952631578947368329e-01
1.000000000000000000e+00,0.000000000000000000e+00,1.527777777777777901e-01,5.972222222222223209e-01
1.000000000000000000e+00,1.000000000000000000e+00,1.663580246913580196e-01,6.503086419753086878e-01
1.000000000000000000e+00,0.000000000000000000e+00,1.680555555555555691e-01,6.569444444444445530e-01
1.000000000000000000e+00,1.000000000000000000e+00,1.663580246913580196e-01,6.503086419753086878e-01
1.000000000000000000e+00,1.000000000000000000e+00,1.612654320987654266e-01,6.304012345679013141e-01
1.000000000000000000e+00,1.000000000000000000e+00,1.646604938271604979e-01,6.436728395061729335e-01
1.000000000000000000e+00,1.000000000000000000e+00,1.697530864197530909e-01,6.635802469135803072e-01
1.000000000000000000e+00,1.000000000000000000e+00,1.578703703703703554e-01,6.171296296296296946e-01
1.000000000000000000e+00,1.000000000000000000e+00,1.629629629629629484e-01,6.370370370370370683e-01
1.000000000000000000e+00,1.000000000000000000e+00,1.561728395061728614e-01,6.104938271604939404e-01
1.000000000000000000e+00,1.000000000000000000e+00,1.680555555555555691e-01,6.569444444444445530e-01
0.000000000000000000e+00,0.000000000000000000e+00,4.841353383458646409e-01,1.872932330827067338e-01
1.000000000000000000e+00,0.000000000000000000e+00,1.578703703703703554e-01,6.171296296296296946e-01
1.000000000000000000e+00,1.000000000000000000e+00,1.578703703703703554e-01,6.171296296296296946e-01
1.000000000000000000e+00,0.000000000000000000e+00,1.697530864197530909e-01,6.635802469135803072e-01
1.000000000000000000e+00,1.000000000000000000e+00,1.680555555555555691e-01,6.569444444444445530e-01
1.000000000000000000e+00,1.000000000000000000e+00,1.629629629629629484e-01,6.370370370370370683e-01
0.000000000000000000e+00,0.000000000000000000e+00,4.635338345864661869e-01,1.793233082706766901e-01
0.000000000000000000e+00,0.000000000000000000e+00,4.796791443850267900e-01,1.703208556149732600e-01
1.000000000000000000e+00,1.000000000000000000e+00,1.570527522935779852e-01,6.679472477064221092e-01
1.000000000000000000e+00,1.000000000000000000e+00,1.475344036697247840e-01,6.274655963302752104e-01
1.000000000000000000e+00,1.000000000000000000e+00,1.475344036697247840e-01,6.274655963302752104e-01
1.000000000000000000e+00,1.000000000000000000e+00,1.507071865443425085e-01,6.409594801223241767e-01
1.000000000000000000e+00,0.000000000000000000e+00,8.396464646464647796e-02,4.438131313131313815e-01
1.000000000000000000e+00,0.000000000000000000e+00,8.219696969696969890e-02,4.344696969696970057e-01
0.000000000000000000e+00,1.000000000000000000e+00,4.849503437738732492e-01,1.721925133689839738e-01
1.000000000000000000e+00,1.000000000000000000e+00,1.427752293577981835e-01,6.072247706422019276e-01
0.000000000000000000e+00,1.000000000000000000e+00,4.902215431627196529e-01,1.740641711229946320e-01
1.000000000000000000e+00,1.000000000000000000e+00,1.554663608562691091e-01,6.612003058103975706e-01
1.000000000000000000e+00,1.000000000000000000e+00,1.554663608562691091e-01,6.612003058103975706e-01
1.000000000000000000e+00,0.000000000000000000e+00,1.443616207951070596e-01,6.139717125382263552e-01
1.000000000000000000e+00,0.000000000000000000e+00,1.427752293577981835e-01,6.072247706422019276e-01
1.000000000000000000e+00,1.000000000000000000e+00,1.491207951070336324e-01,6.342125382262997491e-01
1.000000000000000000e+00,1.000000000000000000e+00,1.570527522935779852e-01,6.679472477064221092e-01
1.000000000000000000e+00,0.000000000000000000e+00,1.443616207951070596e-01,6.139717125382263552e-01
1.000000000000000000e+00,1.000000000000000000e+00,1.507071865443425085e-01,6.409594801223241767e-01
1.000000000000000000e+00,1.000000000000000000e+00,1.586391437308868613e-01,6.746941896024465368e-01
1.000000000000000000e+00,1.000000000000000000e+00,1.570527522935779852e-01,6.679472477064221092e-01
1.000000000000000000e+00,1.000000000000000000e+00,8.308080808080808843e-02,4.391414141414141659e-01
0.000000000000000000e+00,1.000000000000000000e+00,4.796791443850267900e-01,1.703208556149732600e-01
0.000000000000000000e+00,0.000000000000000000e+00,4.902215431627196529e-01,1.740641711229946320e-01
1.000000000000000000e+00,1.000000000000000000e+00,1.459480122324159079e-01,6.207186544342508938e-01
0.000000000000000000e+00,0.000000000000000000e+00,4.796791443850267900e-01,1.703208556149732600e-01
1.000000000000000000e+00,1.000000000000000000e+00,1.507071865443425085e-01,6.409594801223241767e-01
1.000000000000000000e+00,1.000000000000000000e+00,1.427752293577981835e-01,6.072247706422019276e-01
1.000000000000000000e+00,1.000000000000000000e+00,1.554663608562691091e-01,6.612003058103975706e-01
1.000000000000000000e+00,1.000000000000000000e+00,8.661616161616163267e-02,4.578282828282828620e-01
0.000000000000000000e+00,1.000000000000000000e+00,4.744079449961803308e-01,1.684491978609625740e-01
0.000000000000000000e+00,0.000000000000000000e+00,4.902215431627196529e-01,1.740641711229946320e-01
0.000000000000000000e+00,0.000000000000000000e+00,5.218487394957983527e-01,1.852941176470588314e-01
1.000000000000000000e+00,1.000000000000000000e+00,1.586391437308868613e-01,6.746941896024465368e-01
1.000000000000000000e+00,1.000000000000000000e+00,1.586391437308868613e-01,6.746941896024465368e-01
1.000000000000000000e+00,0.000000000000000000e+00,1.459480122324159079e-01,6.207186544342508938e-01
0.000000000000000000e+00,1.000000000000000000e+00,4.744079449961803308e-01,1.684491978609625740e-01
1.000000000000000000e+00,1.000000000000000000e+00,1.443616207951070596e-01,6.139717125382263552e-01
0.000000000000000000e+00,0.000000000000000000e+00,5.218487394957983527e-01,1.852941176470588314e-01
1.000000000000000000e+00,0.000000000000000000e+00,1.586391437308868613e-01,6.746941896024465368e-01
1.000000000000000000e+00,0.000000000000000000e+00,1.586391437308868613e-01,6.746941896024465368e-01
1.000000000000000000e+00,1.000000000000000000e+00,1.586391437308868613e-01,6.746941896024465368e-01
0.000000000000000000e+00,0.000000000000000000e+00,5.165775401069518935e-01,1.834224598930481176e-01
1.000000000000000000e+00,1.000000000000000000e+00,1.427752293577981835e-01,6.072247706422019276e-01
1.000000000000000000e+00,1.000000000000000000e+00,1.554663608562691091e-01,6.612003058103975706e-01
1.000000000000000000e+00,1.000000000000000000e+00,1.554663608562691091e-01,6.612003058103975706e-01
0.000000000000000000e+00,1.000000000000000000e+00,5.113063407181054343e-01,1.815508021390374316e-01
0.000000000000000000e+00,1.000000000000000000e+00,5.218487394957983527e-01,1.852941176470588314e-01
1.000000000000000000e+00,1.000000000000000000e+00,1.570527522935779852e-01,6.679472477064221092e-01
1.000000000000000000e+00,1.000000000000000000e+00,1.443616207951070596e-01,6.139717125382263552e-01
0.000000000000000000e+00,0.000000000000000000e+00,5.218487394957983527e-01,1.852941176470588314e-01
0.000000000000000000e+00,0.000000000000000000e+00,4.744079449961803308e-01,1.684491978609625740e-01
1.000000000000000000e+00,1.000000000000000000e+00,1.443616207951070596e-01,6.139717125382263552e-01
1.000000000000000000e+00,1.000000000000000000e+00,1.427752293577981835e-01,6.072247706422019276e-01
1.000000000000000000e+00,1.000000000000000000e+00,1.538799694189602607e-01,6.544533639143731429e-01
1.000000000000000000e+00,1.000000000000000000e+00,1.554663608562691091e-01,6.612003058103975706e-01
1.000000000000000000e+00,1.000000000000000000e+00,1.459480122324159079e-01,6.207186544342508938e-01
1.000000000000000000e+00,1.000000000000000000e+00,1.570527522935779852e-01,6.679472477064221092e-01
1.000000000000000000e+00,0.000000000000000000e+00,1.507071865443425085e-01,6.409594801223241767e-01
1.000000000000000000e+00,1.000000000000000000e+00,1.538799694189602607e-01,6.544533639143731429e-01
1.000000000000000000e+00,0.000000000000000000e+00,1.522935779816513846e-01,6.477064220183486043e-01
0.000000000000000000e+00,0.000000000000000000e+00,5.113063407181054343e-01,1.815508021390374316e-01
1.000000000000000000e+00,1.000000000000000000e+00,1.554663608562691091e-01,6.612003058103975706e-01
1.000000000000000000e+00,0.000000000000000000e+00,1.554663608562691091e-01,6.612003058103975706e-01
0.000000000000000000e+00,0.000000000000000000e+00,5.165775401069518935e-01,1.834224598930481176e-01
1.000000000000000000e+00,1.000000000000000000e+00,1.443616207951070596e-01,6.139717125382263552e-01
1.000000000000000000e+00,0.000000000000000000e+00,1.522935779816513846e-01,6.477064220183486043e-01
1.000000000000000000e+00,1.000000000000000000e+00,7.954545454545455807e-02,4.204545454545455252e-01
1.000000000000000000e+00,1.000000000000000000e+00,8.750000000000000833e-02,4.625000000000000777e-01
1.000000000000000000e+00,1.000000000000000000e+00,1.427752293577981835e-01,6.072247706422019276e-01
1.000000000000000000e+00,1.000000000000000000e+00,8.042929292929294760e-02,4.251262626262626854e-01
0.000000000000000000e+00,0.000000000000000000e+00,5.113063407181054343e-01,1.815508021390374316e-01
0.000000000000000000e+00,1.000000000000000000e+00,4.744079449961803308e-01,1.684491978609625740e-01
1.000000000000000000e+00,1.000000000000000000e+00,1.427752293577981835e-01,6.072247706422019276e-01
1.000000000000000000e+00,0.000000000000000000e+00,1.443616207951070596e-01,6.139717125382263552e-01
1.000000000000000000e+00,0.000000000000000000e+00,8.573232323232324315e-02,4.531565656565657019e-01
1.000000000000000000e+00,1.000000000000000000e+00,1.507071865443425085e-01,6.409594801223241767e-01
1.000000000000000000e+00,1.000000000000000000e+00,1.538799694189602607e-01,6.544533639143731429e-01
1.000000000000000000e+00,1.000000000000000000e+00,1.907216494845360710e-01,5.592783505154639290e-01
1.000000000000000000e+00,1.000000000000000000e+00,2.076746849942726070e-01,6.089919816723941004e-01
1.000000000000000000e+00,1.000000000000000000e+00,1.928407789232531588e-01,5.654925544100801726e-01
0.000000000000000000e+00,1.000000000000000000e+00,5.205176767676767957e-01,8.573232323232322927e-02
1.000000000000000000e+00,1.000000000000000000e+00,2.055555555555555469e-01,6.027777777777777457e-01
0.000000000000000000e+00,0.000000000000000000e+00,5.205176767676767957e-01,8.573232323232322927e-02
1.000000000000000000e+00,0.000000000000000000e+00,2.055555555555555469e-01,6.027777777777777457e-01
1.000000000000000000e+00,1.000000000000000000e+00,2.076746849942726070e-01,6.089919816723941004e-01
1.000000000000000000e+00,0.000000000000000000e+00,2.097938144329896948e-01,6.152061855670103441e-01
1.000000000000000000e+00,1.000000000000000000e+00,2.119129438717067548e-01,6.214203894616265877e-01
1.000000000000000000e+00,1.000000000000000000e+00,1.991981672394043390e-01,5.841351660939290147e-01
1.000000000000000000e+00,0.000000000000000000e+00,1.949599083619702189e-01,5.717067583046965273e-01
0.000000000000000000e+00,0.000000000000000000e+00,5.258838383838384534e-01,8.661616161616161880e-02
1.000000000000000000e+00,1.000000000000000000e+00,1.991981672394043390e-01,5.841351660939290147e-01
1.000000000000000000e+00,1.000000000000000000e+00,1.907216494845360710e-01,5.592783505154639290e-01
1.000000000000000000e+00,1.000000000000000000e+00,1.928407789232531588e-01,5.654925544100801726e-01
1.000000000000000000e+00,1.000000000000000000e+00,1.949599083619702189e-01,5.717067583046965273e-01
1.000000000000000000e+00,1.000000000000000000e+00,2.076746849942726070e-01,6.089919816723941004e-01
0.000000000000000000e+00,0.000000000000000000e+00,5.366161616161616577e-01,8.838383838383838398e-02
1.000000000000000000e+00,0.000000000000000000e+00,1.907216494845360710e-01,5.592783505154639290e-01
1.000000000000000000e+00,1.000000000000000000e+00,2.013172966781213991e-01,5.903493699885452584e-01
1.000000000000000000e+00,0.000000000000000000e+00,1.907216494845360710e-01,5.592783505154639290e-01
1.000000000000000000e+00,1.000000000000000000e+00,1.907216494845360710e-01,5.592783505154639290e-01
1.000000000000000000e+00,1.000000000000000000e+00,2.055555555555555469e-01,6.027777777777777457e-01
1.000000000000000000e+00,1.000000000000000000e+00,2.034364261168384869e-01,5.965635738831615020e-01
1.000000000000000000e+00,1.000000000000000000e+00,2.076746849942726070e-01,6.089919816723941004e-01
1.000000000000000000e+00,1.000000000000000000e+00,2.076746849942726070e-01,6.089919816723941004e-01
1.000000000000000000e+00,0.000000000000000000e+00,1.949599083619702189e-01,5.717067583046965273e-01
1.000000000000000000e+00,0.000000000000000000e+00,2.076746849942726070e-01,6.089919816723941004e-01
0.000000000000000000e+00,0.000000000000000000e+00,4.936868686868687295e-01,8.131313131313132325e-02
1.000000000000000000e+00,1.000000000000000000e+00,1.928407789232531588e-01,5.654925544100801726e-01
1.000000000000000000e+00,1.000000000000000000e+00,2.013172966781213991e-01,5.903493699885452584e-01
1.000000000000000000e+00,1.000000000000000000e+00,1.907216494845360710e-01,5.592783505154639290e-01
1.000000000000000000e+00,1.000000000000000000e+00,1.907216494845360710e-01,5.592783505154639290e-01
0.000000000000000000e+00,0.000000000000000000e+00,5.312500000000000000e-01,8.749999999999999445e-02
0.000000000000000000e+00,0.000000000000000000e+00,5.687499999999999778e-01,0.000000000000000000e+00
1.000000000000000000e+00,0.000000000000000000e+00,2.055555555555555469e-01,6.027777777777777457e-01
1.000000000000000000e+00,1.000000000000000000e+00,2.119129438717067548e-01,6.214203894616265877e-01
1.000000000000000000e+00,0.000000000000000000e+00,2.055555555555555469e-01,6.027777777777777457e-01
1.000000000000000000e+00,1.000000000000000000e+00,2.097938144329896948e-01,6.152061855670103441e-01
1.000000000000000000e+00,1.000000000000000000e+00,1.949599083619702189e-01,5.717067583046965273e-01
1.000000000000000000e+00,1.000000000000000000e+00,2.119129438717067548e-01,6.214203894616265877e-01
1.000000000000000000e+00,1.000000000000000000e+00,1.970790378006872789e-01,5.779209621993126600e-01
1.000000000000000000e+00,1.000000000000000000e+00,2.097938144329896948e-01,6.152061855670103441e-01
1.000000000000000000e+00,1.000000000000000000e+00,1.928407789232531588e-01,5.654925544100801726e-01
1.000000000000000000e+00,0.000000000000000000e+00,2.119129438717067548e-01,6.214203894616265877e-01
1.000000000000000000e+00,1.000000000000000000e+00,1.949599083619702189e-01,5.717067583046965273e-01
1.000000000000000000e+00,0.000000000000000000e+00,2.013172966781213991e-01,5.903493699885452584e-01
1.000000000000000000e+00,0.000000000000000000e+00,2.097938144329896948e-01,6.152061855670103441e-01
1.000000000000000000e+00,0.000000000000000000e+00,1.949599083619702189e-01,5.717067583046965273e-01
1.000000000000000000e+00,1.000000000000000000e+00,2.034364261168384869e-01,5.965635738831615020e-01
1.000000000000000000e+00,1.000000000000000000e+00,1.970790378006872789e-01,5.779209621993126600e-01
1.000000000000000000e+00,0.000000000000000000e+00,2.119129438717067548e-01,6.214203894616265877e-01
1.000000000000000000e+00,1.000000000000000000e+00,2.013172966781213991e-01,5.903493699885452584e-01
1.000000000000000000e+00,0.000000000000000000e+00,1.907216494845360710e-01,5.592783505154639290e-01
1.000000000000000000e+00,0.000000000000000000e+00,2.076746849942726070e-01,6.089919816723941004e-01
1.000000000000000000e+00,1.000000000000000000e+00,2.034364261168384869e-01,5.965635738831615020e-01
1.000000000000000000e+00,1.000000000000000000e+00,1.928407789232531588e-01,5.654925544100801726e-01
1.000000000000000000e+00,1.000000000000000000e+00,2.013172966781213991e-01,5.903493699885452584e-01
1.000000000000000000e+00,0.000000000000000000e+00,2.055555555555555469e-01,6.027777777777777457e-01
1.000000000000000000e+00,1.000000000000000000e+00,1.991981672394043390e-01,5.841351660939290147e-01
1.000000000000000000e+00,0.000000000000000000e+00,2.055555555555555469e-01,6.027777777777777457e-01
1.000000000000000000e+00,0.000000000000000000e+00,2.097938144329896948e-01,6.152061855670103441e-01
0.000000000000000000e+00,0.000000000000000000e+00,5.205176767676767957e-01,8.573232323232322927e-02
1.000000000000000000e+00,1.000000000000000000e+00,2.119129438717067548e-01,6.214203894616265877e-01
0.000000000000000000e+00,0.000000000000000000e+00,5.097853535353535914e-01,8.396464646464646409e-02
0.000000000000000000e+00,0.000000000000000000e+00,5.151515151515151381e-01,8.484848484848483974e-02
1.000000000000000000e+00,1.000000000000000000e+00,1.928407789232531588e-01,5.654925544100801726e-01
0.000000000000000000e+00,0.000000000000000000e+00,5.205176767676767957e-01,8.573232323232322927e-02
1.000000000000000000e+00,0.000000000000000000e+00,2.013172966781213991e-01,5.903493699885452584e-01
1.000000000000000000e+00,0.000000000000000000e+00,2.034364261168384869e-01,5.965635738831615020e-01
1.000000000000000000e+00,1.000000000000000000e+00,2.034364261168384869e-01,5.965635738831615020e-01
0.000000000000000000e+00,1.000000000000000000e+00,5.312500000000000000e-01,8.749999999999999445e-02
0.000000000000000000e+00,1.000000000000000000e+00,4.936868686868687295e-01,8.131313131313132325e-02
1.000000000000000000e+00,1.000000000000000000e+00,2.034364261168384869e-01,5.965635738831615020e-01
1.000000000000000000e+00,1.000000000000000000e+00,2.055555555555555469e-01,6.027777777777777457e-01
1.000000000000000000e+00,0.000000000000000000e+00,1.928407789232531588e-01,5.654925544100801726e-01
1.000000000000000000e+00,0.000000000000000000e+00,1.887640449438202361e-01,6.112359550561797805e-01
0.000000000000000000e+00,1.000000000000000000e+00,5.554670912951167328e-01,2.028662420382165710e-01
1.000000000000000000e+00,1.000000000000000000e+00,1.887640449438202361e-01,6.112359550561797805e-01
1.000000000000000000e+00,1.000000000000000000e+00,1.926966292134831560e-01,6.239700374531834681e-01
1.000000000000000000e+00,1.000000000000000000e+00,1.828651685393258286e-01,5.921348314606741381e-01
1.000000000000000000e+00,1.000000000000000000e+00,1.966292134831460758e-01,6.367041198501872667e-01
1.000000000000000000e+00,0.000000000000000000e+00,1.828651685393258286e-01,5.921348314606741381e-01
1.000000000000000000e+00,1.000000000000000000e+00,1.926966292134831560e-01,6.239700374531834681e-01
1.000000000000000000e+00,1.000000000000000000e+00,1.887640449438202361e-01,6.112359550561797805e-01
0.000000000000000000e+00,0.000000000000000000e+00,5.615711252653927676e-01,2.050955414012738953e-01
0.000000000000000000e+00,0.000000000000000000e+00,5.676751592356686915e-01,2.073248407643311919e-01
1.000000000000000000e+00,0.000000000000000000e+00,1.828651685393258286e-01,5.921348314606741381e-01
1.000000000000000000e+00,1.000000000000000000e+00,1.926966292134831560e-01,6.239700374531834681e-01
1.000000000000000000e+00,1.000000000000000000e+00,1.907303370786516961e-01,6.176029962546816243e-01
1.000000000000000000e+00,1.000000000000000000e+00,1.769662921348314766e-01,5.730337078651686067e-01
1.000000000000000000e+00,1.000000000000000000e+00,1.907303370786516961e-01,6.176029962546816243e-01
1.000000000000000000e+00,0.000000000000000000e+00,1.808988764044943964e-01,5.857677902621722943e-01
0.000000000000000000e+00,0.000000000000000000e+00,5.920912951167728311e-01,2.162420382165605170e-01
1.000000000000000000e+00,1.000000000000000000e+00,1.926966292134831560e-01,6.239700374531834681e-01
1.000000000000000000e+00,0.000000000000000000e+00,1.848314606741572885e-01,5.985018726591759819e-01
1.000000000000000000e+00,1.000000000000000000e+00,1.926966292134831560e-01,6.239700374531834681e-01
1.000000000000000000e+00,0.000000000000000000e+00,1.848314606741572885e-01,5.985018726591759819e-01
0.000000000000000000e+00,1.000000000000000000e+00,5.615711252653927676e-01,2.050955414012738953e-01
0.000000000000000000e+00,1.000000000000000000e+00,5.798832271762207613e-01,2.117834394904458684e-01
1.000000000000000000e+00,0.000000000000000000e+00,1.789325842696629365e-01,5.794007490636704505e-01
0.000000000000000000e+00,1.000000000000000000e+00,5.737791932059447264e-01,2.095541401273885163e-01
1.000000000000000000e+00,1.000000000000000000e+00,1.789325842696629365e-01,5.794007490636704505e-01
1.000000000000000000e+00,1.000000000000000000e+00,1.848314606741572885e-01,5.985018726591759819e-01
1.000000000000000000e+00,1.000000000000000000e+00,1.848314606741572885e-01,5.985018726591759819e-01
1.000000000000000000e+00,1.000000000000000000e+00,1.887640449438202361e-01,6.112359550561797805e-01
1.000000000000000000e+00,1.000000000000000000e+00,1.808988764044943964e-01,5.857677902621722943e-01
1.000000000000000000e+00,1.000000000000000000e+00,1.926966292134831560e-01,6.239700374531834681e-01
1.000000000000000000e+00,1.000000000000000000e+00,1.808988764044943964e-01,5.857677902621722943e-01
0.000000000000000000e+00,0.000000000000000000e+00,5.676751592356686915e-01,2.073248407643311919e-01
1.000000000000000000e+00,1.000000000000000000e+00,1.769662921348314766e-01,5.730337078651686067e-01
1.000000000000000000e+00,0.000000000000000000e+00,1.887640449438202361e-01,6.112359550561797805e-01
1.000000000000000000e+00,1.000000000000000000e+00,1.867977528089887762e-01,6.048689138576778257e-01
1.000000000000000000e+00,1.000000000000000000e+00,1.808988764044943964e-01,5.857677902621722943e-01
1.000000000000000000e+00,0.000000000000000000e+00,1.966292134831460758e-01,6.367041198501872667e-01
1.000000000000000000e+00,0.000000000000000000e+00,1.769662921348314766e-01,5.730337078651686067e-01
0.000000000000000000e+00,0.000000000000000000e+00,5.554670912951167328e-01,2.028662420382165710e-01
1.000000000000000000e+00,1.000000000000000000e+00,1.887640449438202361e-01,6.112359550561797805e-01
0.000000000000000000e+00,0.000000000000000000e+00,5.981953290870487550e-01,2.184713375796178414e-01
1.000000000000000000e+00,0.000000000000000000e+00,1.828651685393258286e-01,5.921348314606741381e-01
1.000000000000000000e+00,1.000000000000000000e+00,1.808988764044943964e-01,5.857677902621722943e-01
1.000000000000000000e+00,0.000000000000000000e+00,1.808988764044943964e-01,5.857677902621722943e-01
1.000000000000000000e+00,1.000000000000000000e+00,1.887640449438202361e-01,6.112359550561797805e-01
1.000000000000000000e+00,1.000000000000000000e+00,1.966292134831460758e-01,6.367041198501872667e-01
0.000000000000000000e+00,1.000000000000000000e+00,5.737791932059447264e-01,2.095541401273885163e-01
1.000000000000000000e+00,0.000000000000000000e+00,1.828651685393258286e-01,5.921348314606741381e-01
0.000000000000000000e+00,1.000000000000000000e+00,5.554670912951167328e-01,2.028662420382165710e-01
0.000000000000000000e+00,1.000000000000000000e+00,6.104033970276008247e-01,2.229299363057324901e-01
1.000000000000000000e+00,0.000000000000000000e+00,1.867977528089887762e-01,6.048689138576778257e-01
1.000000000000000000e+00,1.000000000000000000e+00,1.789325842696629365e-01,5.794007490636704505e-01
1.000000000000000000e+00,1.000000000000000000e+00,1.867977528089887762e-01,6.048689138576778257e-01
0.000000000000000000e+00,0.000000000000000000e+00,5.798832271762207613e-01,2.117834394904458684e-01
1.000000000000000000e+00,1.000000000000000000e+00,1.926966292134831560e-01,6.239700374531834681e-01
1.000000000000000000e+00,1.000000000000000000e+00,1.966292134831460758e-01,6.367041198501872667e-01
1.000000000000000000e+00,1.000000000000000000e+00,1.926966292134831560e-01,6.239700374531834681e-01
0.000000000000000000e+00,0.000000000000000000e+00,5.554670912951167328e-01,2.028662420382165710e-01
1.000000000000000000e+00,1.000000000000000000e+00,1.828651685393258286e-01,5.921348314606741381e-01
1.000000000000000000e+00,1.000000000000000000e+00,1.966292134831460758e-01,6.367041198501872667e-01
1.000000000000000000e+00,1.000000000000000000e+00,1.769662921348314766e-01,5.730337078651686067e-01
0.000000000000000000e+00,0.000000000000000000e+00,5.554670912951167328e-01,2.028662420382165710e-01
0.000000000000000000e+00,0.000000000000000000e+00,5.981953290870487550e-01,2.184713375796178414e-01
1.000000000000000000e+00,1.000000000000000000e+00,1.867977528089887762e-01,6.048689138576778257e-01
1.000000000000000000e+00,0.000000000000000000e+00,1.926966292134831560e-01,6.239700374531834681e-01
1.000000000000000000e+00,0.000000000000000000e+00,1.926966292134831560e-01,6.239700374531834681e-01
1.000000000000000000e+00,1.000000000000000000e+00,1.907303370786516961e-01,6.176029962546816243e-01
0.000000000000000000e+00,1.000000000000000000e+00,5.676751592356686915e-01,2.073248407643311919e-01
1.000000000000000000e+00,1.000000000000000000e+00,1.887640449438202361e-01,6.112359550561797805e-01
1.000000000000000000e+00,1.000000000000000000e+00,1.848314606741572885e-01,5.985018726591759819e-01
1.000000000000000000e+00,1.000000000000000000e+00,1.966292134831460758e-01,6.367041198501872667e-01
1.000000000000000000e+00,1.000000000000000000e+00,1.887640449438202361e-01,6.112359550561797805e-01
1.000000000000000000e+00,1.000000000000000000e+00,1.926966292134831560e-01,6.239700374531834681e-01
0.000000000000000000e+00,0.000000000000000000e+00,5.920912951167728311e-01,2.162420382165605170e-01
1.000000000000000000e+00,1.000000000000000000e+00,1.887640449438202361e-01,6.112359550561797805e-01
1.000000000000000000e+00,0.000000000000000000e+00,2.072737686139748126e-01,5.760595647193585966e-01
1.000000000000000000e+00,0.000000000000000000e+00,2.072737686139748126e-01,5.760595647193585966e-01
1.000000000000000000e+00,0.000000000000000000e+00,2.006586483390607467e-01,5.576746849942726403e-01
1.000000000000000000e+00,1.000000000000000000e+00,2.182989690721649778e-01,6.067010309278351166e-01
1.000000000000000000e+00,1.000000000000000000e+00,2.050687285223367629e-01,5.699312714776632038e-01
1.000000000000000000e+00,1.000000000000000000e+00,2.028636884306987687e-01,5.638029782359680331e-01
1.000000000000000000e+00,1.000000000000000000e+00,2.006586483390607467e-01,5.576746849942726403e-01
1.000000000000000000e+00,0.000000000000000000e+00,2.006586483390607467e-01,5.576746849942726403e-01
1.000000000000000000e+00,1.000000000000000000e+00,1.984536082474226970e-01,5.515463917525773585e-01
1.000000000000000000e+00,1.000000000000000000e+00,1.984536082474226970e-01,5.515463917525773585e-01
1.000000000000000000e+00,0.000000000000000000e+00,2.028636884306987687e-01,5.638029782359680331e-01
1.000000000000000000e+00,1.000000000000000000e+00,2.205040091638029998e-01,6.128293241695303983e-01
1.000000000000000000e+00,1.000000000000000000e+00,2.094788087056128345e-01,5.821878579610538784e-01
0.000000000000000000e+00,1.000000000000000000e+00,6.055045871559634474e-01,1.444954128440367191e-01
1.000000000000000000e+00,0.000000000000000000e+00,2.160939289805269281e-01,6.005727376861398348e-01
0.000000000000000000e+00,0.000000000000000000e+00,6.055045871559634474e-01,1.444954128440367191e-01
1.000000000000000000e+00,0.000000000000000000e+00,2.182989690721649778e-01,6.067010309278351166e-01
1.000000000000000000e+00,0.000000000000000000e+00,2.072737686139748126e-01,5.760595647193585966e-01
0.000000000000000000e+00,0.000000000000000000e+00,6.189602446483182252e-01,1.477064220183486321e-01
1.000000000000000000e+00,0.000000000000000000e+00,2.116838487972508842e-01,5.883161512027491602e-01
0.000000000000000000e+00,1.000000000000000000e+00,6.727828746177371144e-01,1.605504587155963392e-01
1.000000000000000000e+00,1.000000000000000000e+00,2.028636884306987687e-01,5.638029782359680331e-01
1.000000000000000000e+00,0.000000000000000000e+00,2.094788087056128345e-01,5.821878579610538784e-01
0.000000000000000000e+00,0.000000000000000000e+00,6.458715596330275588e-01,1.541284403669724856e-01
1.000000000000000000e+00,1.000000000000000000e+00,2.138888888888889062e-01,5.944444444444444420e-01
1.000000000000000000e+00,1.000000000000000000e+00,2.205040091638029998e-01,6.128293241695303983e-01
1.000000000000000000e+00,0.000000000000000000e+00,2.116838487972508842e-01,5.883161512027491602e-01
0.000000000000000000e+00,0.000000000000000000e+00,6.660550458715597255e-01,1.589449541284403689e-01
0.000000000000000000e+00,0.000000000000000000e+00,6.055045871559634474e-01,1.444954128440367191e-01
1.000000000000000000e+00,1.000000000000000000e+00,2.116838487972508842e-01,5.883161512027491602e-01
1.000000000000000000e+00,1.000000000000000000e+00,2.072737686139748126e-01,5.760595647193585966e-01
1.000000000000000000e+00,1.000000000000000000e+00,1.984536082474226970e-01,5.515463917525773585e-01
0.000000000000000000e+00,0.000000000000000000e+00,6.660550458715597255e-01,1.589449541284403689e-01
1.000000000000000000e+00,0.000000000000000000e+00,2.094788087056128345e-01,5.821878579610538784e-01
1.000000000000000000e+00,1.000000000000000000e+00,2.138888888888889062e-01,5.944444444444444420e-01
0.000000000000000000e+00,1.000000000000000000e+00,6.055045871559634474e-01,1.444954128440367191e-01
1.000000000000000000e+00,1.000000000000000000e+00,2.028636884306987687e-01,5.638029782359680331e-01
1.000000000000000000e+00,1.000000000000000000e+00,2.160939289805269281e-01,6.005727376861398348e-01
1.000000000000000000e+00,1.000000000000000000e+00,2.006586483390607467e-01,5.576746849942726403e-01
1.000000000000000000e+00,1.000000000000000000e+00,2.006586483390607467e-01,5.576746849942726403e-01
1.000000000000000000e+00,1.000000000000000000e+00,2.094788087056128345e-01,5.821878579610538784e-01
1.000000000000000000e+00,0.000000000000000000e+00,2.072737686139748126e-01,5.760595647193585966e-01
1.000000000000000000e+00,1.000000000000000000e+00,2.050687285223367629e-01,5.699312714776632038e-01
0.000000000000000000e+00,0.000000000000000000e+00,6.256880733944955031e-01,1.493119266055045746e-01
1.000000000000000000e+00,0.000000000000000000e+00,2.050687285223367629e-01,5.699312714776632038e-01
0.000000000000000000e+00,0.000000000000000000e+00,6.256880733944955031e-01,1.493119266055045746e-01
1.000000000000000000e+00,1.000000000000000000e+00,2.116838487972508842e-01,5.883161512027491602e-01
1.000000000000000000e+00,1.000000000000000000e+00,2.028636884306987687e-01,5.638029782359680331e-01
1.000000000000000000e+00,1.000000000000000000e+00,2.006586483390607467e-01,5.576746849942726403e-01
1.000000000000000000e+00,1.000000000000000000e+00,2.116838487972508842e-01,5.883161512027491602e-01
1.000000000000000000e+00,0.000000000000000000e+00,2.160939289805269281e-01,6.005727376861398348e-01
1.000000000000000000e+00,1.000000000000000000e+00,1.984536082474226970e-01,5.515463917525773585e-01
1.000000000000000000e+00,1.000000000000000000e+00,2.050687285223367629e-01,5.699312714776632038e-01
1.000000000000000000e+00,1.000000000000000000e+00,2.205040091638029998e-01,6.128293241695303983e-01
1.000000000000000000e+00,1.000000000000000000e+00,2.116838487972508842e-01,5.883161512027491602e-01
1.000000000000000000e+00,1.000000000000000000e+00,1.984536082474226970e-01,5.515463917525773585e-01
1.000000000000000000e+00,1.000000000000000000e+00,2.050687285223367629e-01,5.699312714776632038e-01
1.000000000000000000e+00,1.000000000000000000e+00,2.072737686139748126e-01,5.760595647193585966e-01
1.000000000000000000e+00,1.000000000000000000e+00,2.072737686139748126e-01,5.760595647193585966e-01
0.000000000000000000e+00,0.000000000000000000e+00,6.660550458715597255e-01,1.589449541284403689e-01
0.000000000000000000e+00,0.000000000000000000e+00,6.593272171253823366e-01,1.573394495412843985e-01
1.000000000000000000e+00,1.000000000000000000e+00,1.984536082474226970e-01,5.515463917525773585e-01
1.000000000000000000e+00,1.000000000000000000e+00,2.072737686139748126e-01,5.760595647193585966e-01
1.000000000000000000e+00,1.000000000000000000e+00,2.072737686139748126e-01,5.760595647193585966e-01
1.000000000000000000e+00,1.000000000000000000e+00,2.205040091638029998e-01,6.128293241695303983e-01
1.000000000000000000e+00,1.000000000000000000e+00,1.984536082474226970e-01,5.515463917525773585e-01
1.000000000000000000e+00,1.000000000000000000e+00,2.205040091638029998e-01,6.128293241695303983e-01
1.000000000000000000e+00,1.000000000000000000e+00,2.205040091638029998e-01,6.128293241695303983e-01
1.000000000000000000e+00,0.000000000000000000e+00,2.028636884306987687e-01,5.638029782359680331e-01
1.000000000000000000e+00,1.000000000000000000e+00,2.182989690721649778e-01,6.067010309278351166e-01
1.000000000000000000e+00,1.000000000000000000e+00,2.116838487972508842e-01,5.883161512027491602e-01
1.000000000000000000e+00,1.000000000000000000e+00,2.182989690721649778e-01,6.067010309278351166e-01
1.000000000000000000e+00,1.000000000000000000e+00,2.182989690721649778e-01,6.067010309278351166e-01
1.000000000000000000e+00,1.000000000000000000e+00,2.072737686139748126e-01,5.760595647193585966e-01
1.000000000000000000e+00,1.000000000000000000e+00,2.094788087056128345e-01,5.821878579610538784e-01
1.000000000000000000e+00,1.000000000000000000e+00,2.094788087056128345e-01,5.821878579610538784e-01
1.000000000000000000e+00,1.000000000000000000e+00,2.205040091638029998e-01,6.128293241695303983e-01
1.000000000000000000e+00,1.000000000000000000e+00,1.450268817204301286e-01,6.133064516129033139e-01
0.000000000000000000e+00,0.000000000000000000e+00,4.705729166666667851e-01,1.794270833333333481e-01
0.000000000000000000e+00,0.000000000000000000e+00,4.705729166666667851e-01,1.794270833333333481e-01
1.000000000000000000e+00,1.000000000000000000e+00,1.577764976958525578e-01,6.672235023041475088e-01
1.000000000000000000e+00,1.000000000000000000e+00,1.561827956989247368e-01,6.604838709677419706e-01
1.000000000000000000e+00,1.000000000000000000e+00,1.545890937019969436e-01,6.537442396313364323e-01
0.000000000000000000e+00,1.000000000000000000e+00,4.964285714285714968e-01,1.892857142857143071e-01
1.000000000000000000e+00,0.000000000000000000e+00,1.529953917050691226e-01,6.470046082949308941e-01
1.000000000000000000e+00,1.000000000000000000e+00,1.434331797235023076e-01,6.065668202764977757e-01
1.000000000000000000e+00,1.000000000000000000e+00,1.545890937019969436e-01,6.537442396313364323e-01
1.000000000000000000e+00,1.000000000000000000e+00,1.498079877112135083e-01,6.335253456221198176e-01
1.000000000000000000e+00,1.000000000000000000e+00,1.529953917050691226e-01,6.470046082949308941e-01
1.000000000000000000e+00,1.000000000000000000e+00,1.434331797235023076e-01,6.065668202764977757e-01
1.000000000000000000e+00,1.000000000000000000e+00,1.466205837173579218e-01,6.200460829493088522e-01
1.000000000000000000e+00,1.000000000000000000e+00,1.561827956989247368e-01,6.604838709677419706e-01
0.000000000000000000e+00,0.000000000000000000e+00,4.860863095238096010e-01,1.853422619047619124e-01
1.000000000000000000e+00,1.000000000000000000e+00,1.529953917050691226e-01,6.470046082949308941e-01
1.000000000000000000e+00,1.000000000000000000e+00,2.238461538461538891e-01,4.690109890109890323e-01
1.000000000000000000e+00,0.000000000000000000e+00,1.498079877112135083e-01,6.335253456221198176e-01
1.000000000000000000e+00,0.000000000000000000e+00,1.545890937019969436e-01,6.537442396313364323e-01
1.000000000000000000e+00,0.000000000000000000e+00,1.577764976958525578e-01,6.672235023041475088e-01
1.000000000000000000e+00,1.000000000000000000e+00,1.434331797235023076e-01,6.065668202764977757e-01
1.000000000000000000e+00,1.000000000000000000e+00,2.261538461538461775e-01,4.738461538461539169e-01
0.000000000000000000e+00,0.000000000000000000e+00,4.964285714285714968e-01,1.892857142857143071e-01
1.000000000000000000e+00,1.000000000000000000e+00,1.593701996927803510e-01,6.739631336405530471e-01
0.000000000000000000e+00,1.000000000000000000e+00,5.119419642857143682e-01,1.952008928571428714e-01
0.000000000000000000e+00,1.000000000000000000e+00,5.171130952380953438e-01,1.971726190476190688e-01
0.000000000000000000e+00,0.000000000000000000e+00,5.015997023809524169e-01,1.912574404761905045e-01
1.000000000000000000e+00,0.000000000000000000e+00,1.514016897081413293e-01,6.402649769585253559e-01
1.000000000000000000e+00,1.000000000000000000e+00,1.545890937019969436e-01,6.537442396313364323e-01
0.000000000000000000e+00,0.000000000000000000e+00,5.171130952380953438e-01,1.971726190476190688e-01
1.000000000000000000e+00,0.000000000000000000e+00,1.466205837173579218e-01,6.200460829493088522e-01
1.000000000000000000e+00,0.000000000000000000e+00,1.498079877112135083e-01,6.335253456221198176e-01
1.000000000000000000e+00,1.000000000000000000e+00,1.577764976958525578e-01,6.672235023041475088e-01
1.000000000000000000e+00,1.000000000000000000e+00,1.514016897081413293e-01,6.402649769585253559e-01
1.000000000000000000e+00,1.000000000000000000e+00,1.514016897081413293e-01,6.402649769585253559e-01
0.000000000000000000e+00,0.000000000000000000e+00,4.964285714285714968e-01,1.892857142857143071e-01
1.000000000000000000e+00,1.000000000000000000e+00,1.545890937019969436e-01,6.537442396313364323e-01
1.000000000000000000e+00,1.000000000000000000e+00,1.482142857142857151e-01,6.267857142857142794e-01
1.000000000000000000e+00,1.000000000000000000e+00,1.561827956989247368e-01,6.604838709677419706e-01
1.000000000000000000e+00,1.000000000000000000e+00,1.577764976958525578e-01,6.672235023041475088e-01
1.000000000000000000e+00,1.000000000000000000e+00,1.434331797235023076e-01,6.065668202764977757e-01
1.000000000000000000e+00,0.000000000000000000e+00,1.561827956989247368e-01,6.604838709677419706e-01
0.000000000000000000e+00,1.000000000000000000e+00,5.015997023809524169e-01,1.912574404761905045e-01
1.000000000000000000e+00,0.000000000000000000e+00,1.434331797235023076e-01,6.065668202764977757e-01
1.000000000000000000e+00,1.000000000000000000e+00,2.169230769230769407e-01,4.545054945054945450e-01
1.000000000000000000e+00,1.000000000000000000e+00,1.514016897081413293e-01,6.402649769585253559e-01
1.000000000000000000e+00,0.000000000000000000e+00,2.307692307692308098e-01,4.835164835164835750e-01
1.000000000000000000e+00,1.000000000000000000e+00,1.593701996927803510e-01,6.739631336405530471e-01
1.000000000000000000e+00,1.000000000000000000e+00,1.482142857142857151e-01,6.267857142857142794e-01
1.000000000000000000e+00,0.000000000000000000e+00,1.434331797235023076e-01,6.065668202764977757e-01
1.000000000000000000e+00,1.000000000000000000e+00,2.215384615384615730e-01,4.641758241758242032e-01
1.000000000000000000e+00,1.000000000000000000e+00,1.466205837173579218e-01,6.200460829493088522e-01
1.000000000000000000e+00,1.000000000000000000e+00,2.215384615384615730e-01,4.641758241758242032e-01
1.000000000000000000e+00,1.000000000000000000e+00,1.577764976958525578e-01,6.672235023041475088e-01
0.000000000000000000e+00,0.000000000000000000e+00,4.809151785714286254e-01,1.833705357142857151e-01
1.000000000000000000e+00,1.000000000000000000e+00,1.577764976958525578e-01,6.672235023041475088e-01
1.000000000000000000e+00,1.000000000000000000e+00,1.514016897081413293e-01,6.402649769585253559e-01
1.000000000000000000e+00,1.000000000000000000e+00,1.482142857142857151e-01,6.267857142857142794e-01
1.000000000000000000e+00,1.000000000000000000e+00,2.076923076923077316e-01,4.351648351648352286e-01
1.000000000000000000e+00,1.000000000000000000e+00,2.100000000000000477e-01,4.400000000000000577e-01
0.000000000000000000e+00,0.000000000000000000e+00,4.705729166666667851e-01,1.794270833333333481e-01
1.000000000000000000e+00,1.000000000000000000e+00,1.434331797235023076e-01,6.065668202764977757e-01
1.000000000000000000e+00,0.000000000000000000e+00,2.076923076923077316e-01,4.351648351648352286e-01
0.000000000000000000e+00,0.000000000000000000e+00,4.757440476190477607e-01,1.813988095238095455e-01
0.000000000000000000e+00,0.000000000000000000e+00,4.860863095238096010e-01,1.853422619047619124e-01
1.000000000000000000e+00,0.000000000000000000e+00,2.261538461538461775e-01,4.738461538461539169e-01
1.000000000000000000e+00,1.000000000000000000e+00,2.146153846153846523e-01,4.496703296703297159e-01
1.000000000000000000e+00,1.000000000000000000e+00,1.561827956989247368e-01,6.604838709677419706e-01
1.000000000000000000e+00,1.000000000000000000e+00,1.529953917050691226e-01,6.470046082949308941e-01
1.000000000000000000e+00,0.000000000000000000e+00,1.545890937019969436e-01,6.537442396313364323e-01
1.000000000000000000e+00,1.000000000000000000e+00,1.529953917050691226e-01,6.470046082949308941e-01
1.000000000000000000e+00,1.000000000000000000e+00,1.561827956989247368e-01,6.604838709677419706e-01
1.000000000000000000e+00,1.000000000000000000e+00,1.593701996927803510e-01,6.739631336405530471e-01
1.000000000000000000e+00,1.000000000000000000e+00,1.466205837173579218e-01,6.200460829493088522e-01
1.000000000000000000e+00,1.000000000000000000e+00,1.561827956989247368e-01,6.604838709677419706e-01
1.000000000000000000e+00,1.000000000000000000e+00,1.593701996927803510e-01,6.739631336405530471e-01
1.000000000000000000e+00,1.000000000000000000e+00,1.926753569211669959e-01,6.156579764121663523e-01
1.000000000000000000e+00,1.000000000000000000e+00,1.847299813780260702e-01,5.902700186219739242e-01
1.000000000000000000e+00,1.000000000000000000e+00,1.787709497206703968e-01,5.712290502793296865e-01
1.000000000000000000e+00,1.000000000000000000e+00,1.787709497206703968e-01,5.712290502793296865e-01
1.000000000000000000e+00,1.000000000000000000e+00,1.926753569211669959e-01,6.156579764121663523e-01
1.000000000000000000e+00,0.000000000000000000e+00,1.827436374922408735e-01,5.839230291744258450e-01
1.000000000000000000e+00,1.000000000000000000e+00,1.827436374922408735e-01,5.839230291744258450e-01
1.000000000000000000e+00,1.000000000000000000e+00,1.787709497206703968e-01,5.712290502793296865e-01
1.000000000000000000e+00,1.000000000000000000e+00,1.986343885785226693e-01,6.346989447548107011e-01
1.000000000000000000e+00,1.000000000000000000e+00,1.986343885785226693e-01,6.346989447548107011e-01
1.000000000000000000e+00,1.000000000000000000e+00,1.986343885785226693e-01,6.346989447548107011e-01
1.000000000000000000e+00,1.000000000000000000e+00,1.827436374922408735e-01,5.839230291744258450e-01
0.000000000000000000e+00,1.000000000000000000e+00,5.551948051948052409e-01,1.948051948051948146e-01
1.000000000000000000e+00,1.000000000000000000e+00,1.867163252638112947e-01,5.966170080695220035e-01
0.000000000000000000e+00,1.000000000000000000e+00,5.922077922077921830e-01,2.077922077922077781e-01
0.000000000000000000e+00,1.000000000000000000e+00,5.737012987012987120e-01,2.012987012987012825e-01
1.000000000000000000e+00,1.000000000000000000e+00,1.787709497206703968e-01,5.712290502793296865e-01
1.000000000000000000e+00,1.000000000000000000e+00,1.986343885785226693e-01,6.346989447548107011e-01
0.000000000000000000e+00,0.000000000000000000e+00,6.045454545454546080e-01,2.121212121212121271e-01
1.000000000000000000e+00,1.000000000000000000e+00,1.787709497206703968e-01,5.712290502793296865e-01
1.000000000000000000e+00,0.000000000000000000e+00,1.807572936064556490e-01,5.775760397268777657e-01
1.000000000000000000e+00,1.000000000000000000e+00,1.847299813780260702e-01,5.902700186219739242e-01
1.000000000000000000e+00,1.000000000000000000e+00,1.926753569211669959e-01,6.156579764121663523e-01
0.000000000000000000e+00,1.000000000000000000e+00,5.613636363636363980e-01,1.969696969696969613e-01
0.000000000000000000e+00,1.000000000000000000e+00,6.107142857142857650e-01,2.142857142857142738e-01
1.000000000000000000e+00,1.000000000000000000e+00,1.887026691495965192e-01,6.029639975170700827e-01
1.000000000000000000e+00,0.000000000000000000e+00,1.986343885785226693e-01,6.346989447548107011e-01
1.000000000000000000e+00,0.000000000000000000e+00,1.966480446927374448e-01,6.283519553072626218e-01
1.000000000000000000e+00,1.000000000000000000e+00,1.807572936064556490e-01,5.775760397268777657e-01
0.000000000000000000e+00,0.000000000000000000e+00,6.107142857142857650e-01,2.142857142857142738e-01
1.000000000000000000e+00,1.000000000000000000e+00,1.966480446927374448e-01,6.283519553072626218e-01
1.000000000000000000e+00,0.000000000000000000e+00,1.867163252638112947e-01,5.966170080695220035e-01
1.000000000000000000e+00,1.000000000000000000e+00,1.946617008069522203e-01,6.220049658597144315e-01
0.000000000000000000e+00,1.000000000000000000e+00,5.737012987012987120e-01,2.012987012987012825e-01
1.000000000000000000e+00,1.000000000000000000e+00,1.867163252638112947e-01,5.966170080695220035e-01
1.000000000000000000e+00,1.000000000000000000e+00,1.906890130353817436e-01,6.093109869646182730e-01
1.000000000000000000e+00,0.000000000000000000e+00,1.887026691495965192e-01,6.029639975170700827e-01
1.000000000000000000e+00,1.000000000000000000e+00,1.926753569211669959e-01,6.156579764121663523e-01
1.000000000000000000e+00,1.000000000000000000e+00,1.787709497206703968e-01,5.712290502793296865e-01
1.000000000000000000e+00,1.000000000000000000e+00,1.966480446927374448e-01,6.283519553072626218e-01
1.000000000000000000e+00,1.000000000000000000e+00,1.986343885785226693e-01,6.346989447548107011e-01
0.000000000000000000e+00,1.000000000000000000e+00,5.675324675324675550e-01,1.991341991341991358e-01
0.000000000000000000e+00,1.000000000000000000e+00,6.107142857142857650e-01,2.142857142857142738e-01
1.000000000000000000e+00,1.000000000000000000e+00,1.906890130353817436e-01,6.093109869646182730e-01
0.000000000000000000e+00,0.000000000000000000e+00,5.675324675324675550e-01,1.991341991341991358e-01
0.000000000000000000e+00,0.000000000000000000e+00,6.168831168831169220e-01,2.164502164502164483e-01
1.000000000000000000e+00,0.000000000000000000e+00,1.787709497206703968e-01,5.712290502793296865e-01
1.000000000000000000e+00,0.000000000000000000e+00,1.906890130353817436e-01,6.093109869646182730e-01
0.000000000000000000e+00,0.000000000000000000e+00,5.860389610389610260e-01,2.056277056277056037e-01
1.000000000000000000e+00,1.000000000000000000e+00,1.787709497206703968e-01,5.712290502793296865e-01
0.000000000000000000e+00,0.000000000000000000e+00,5.860389610389610260e-01,2.056277056277056037e-01
1.000000000000000000e+00,1.000000000000000000e+00,1.787709497206703968e-01,5.712290502793296865e-01
1.000000000000000000e+00,1.000000000000000000e+00,1.887026691495965192e-01,6.029639975170700827e-01
0.000000000000000000e+00,0.000000000000000000e+00,5.860389610389610260e-01,2.056277056277056037e-01
1.000000000000000000e+00,1.000000000000000000e+00,1.787709497206703968e-01,5.712290502793296865e-01
1.000000000000000000e+00,1.000000000000000000e+00,1.946617008069522203e-01,6.220049658597144315e-01
0.000000000000000000e+00,1.000000000000000000e+00,5.798701298701298690e-01,2.034632034632034570e-01
1.000000000000000000e+00,1.000000000000000000e+00,1.887026691495965192e-01,6.029639975170700827e-01
1.000000000000000000e+00,0.000000000000000000e+00,1.887026691495965192e-01,6.029639975170700827e-01
1.000000000000000000e+00,1.000000000000000000e+00,1.966480446927374448e-01,6.283519553072626218e-01
1.000000000000000000e+00,1.000000000000000000e+00,1.906890130353817436e-01,6.093109869646182730e-01
0.000000000000000000e+00,1.000000000000000000e+00,5.551948051948052409e-01,1.948051948051948146e-01
1.000000000000000000e+00,0.000000000000000000e+00,1.787709497206703968e-01,5.712290502793296865e-01
1.000000000000000000e+00,0.000000000000000000e+00,1.787709497206703968e-01,5.712290502793296865e-01
0.000000000000000000e+00,0.000000000000000000e+00,6.045454545454546080e-01,2.121212121212121271e-01
1.000000000000000000e+00,1.000000000000000000e+00,1.807572936064556490e-01,5.775760397268777657e-01
1.000000000000000000e+00,1.000000000000000000e+00,1.787709497206703968e-01,5.712290502793296865e-01
0.000000000000000000e+00,0.000000000000000000e+00,5.983766233766234510e-01,2.099567099567099526e-01
0.000000000000000000e+00,0.000000000000000000e+00,5.983766233766234510e-01,2.099567099567099526e-01
1.000000000000000000e+00,1.000000000000000000e+00,1.966480446927374448e-01,6.283519553072626218e-01
0.000000000000000000e+00,0.000000000000000000e+00,5.613636363636363980e-01,1.969696969696969613e-01
1.000000000000000000e+00,1.000000000000000000e+00,1.887026691495965192e-01,6.029639975170700827e-01
1.000000000000000000e+00,1.000000000000000000e+00,1.986343885785226693e-01,6.346989447548107011e-01
1.000000000000000000e+00,0.000000000000000000e+00,1.787709497206703968e-01,5.712290502793296865e-01
1.000000000000000000e+00,0.000000000000000000e+00,1.946617008069522203e-01,6.220049658597144315e-01
0.000000000000000000e+00,0.000000000000000000e+00,5.613636363636363980e-01,1.969696969696969613e-01
1.000000000000000000e+00,0.000000000000000000e+00,1.887026691495965192e-01,6.029639975170700827e-01
1.000000000000000000e+00,0.000000000000000000e+00,1.861163227016885413e-01,5.888836772983113699e-01
1.000000000000000000e+00,1.000000000000000000e+00,1.801125703564727953e-01,5.698874296435272324e-01
1.000000000000000000e+00,0.000000000000000000e+00,0.000000000000000000e+00,4.227272727272727293e-01
1.000000000000000000e+00,1.000000000000000000e+00,1.981238273921200610e-01,6.268761726078798668e-01
1.000000000000000000e+00,1.000000000000000000e+00,1.921200750469043150e-01,6.078799249530956184e-01
1.000000000000000000e+00,0.000000000000000000e+00,1.821138211382113958e-01,5.762195121951219079e-01
1.000000000000000000e+00,1.000000000000000000e+00,2.001250781738586615e-01,6.332082551594746533e-01
0.000000000000000000e+00,0.000000000000000000e+00,5.587557603686635899e-01,1.555299539170507117e-01
1.000000000000000000e+00,1.000000000000000000e+00,1.961225766103814883e-01,6.205440900562851914e-01
1.000000000000000000e+00,1.000000000000000000e+00,1.861163227016885413e-01,5.888836772983113699e-01
1.000000000000000000e+00,1.000000000000000000e+00,1.921200750469043150e-01,6.078799249530956184e-01
0.000000000000000000e+00,0.000000000000000000e+00,5.419930875576036700e-01,1.508640552995391959e-01
1.000000000000000000e+00,1.000000000000000000e+00,1.861163227016885413e-01,5.888836772983113699e-01
1.000000000000000000e+00,1.000000000000000000e+00,1.941213258286428878e-01,6.142120075046904049e-01
1.000000000000000000e+00,1.000000000000000000e+00,1.921200750469043150e-01,6.078799249530956184e-01
1.000000000000000000e+00,1.000000000000000000e+00,1.941213258286428878e-01,6.142120075046904049e-01
0.000000000000000000e+00,0.000000000000000000e+00,5.252304147465437500e-01,1.461981566820276524e-01
1.000000000000000000e+00,1.000000000000000000e+00,1.801125703564727953e-01,5.698874296435272324e-01
1.000000000000000000e+00,0.000000000000000000e+00,1.921200750469043150e-01,6.078799249530956184e-01
1.000000000000000000e+00,0.000000000000000000e+00,1.941213258286428878e-01,6.142120075046904049e-01
1.000000000000000000e+00,0.000000000000000000e+00,1.801125703564727953e-01,5.698874296435272324e-01
1.000000000000000000e+00,1.000000000000000000e+00,1.841150719199499686e-01,5.825515947467166944e-01
0.000000000000000000e+00,1.000000000000000000e+00,5.252304147465437500e-01,1.461981566820276524e-01
1.000000000000000000e+00,0.000000000000000000e+00,1.801125703564727953e-01,5.698874296435272324e-01
1.000000000000000000e+00,1.000000000000000000e+00,1.861163227016885413e-01,5.888836772983113699e-01
1.000000000000000000e+00,1.000000000000000000e+00,1.861163227016885413e-01,5.888836772983113699e-01
1.000000000000000000e+00,1.000000000000000000e+00,1.921200750469043150e-01,6.078799249530956184e-01
1.000000000000000000e+00,1.000000000000000000e+00,1.861163227016885413e-01,5.888836772983113699e-01
0.000000000000000000e+00,0.000000000000000000e+00,5.364055299539169930e-01,1.493087557603686721e-01
1.000000000000000000e+00,0.000000000000000000e+00,1.941213258286428878e-01,6.142120075046904049e-01
1.000000000000000000e+00,1.000000000000000000e+00,1.961225766103814883e-01,6.205440900562851914e-01
1.000000000000000000e+00,1.000000000000000000e+00,1.901188242651657145e-01,6.015478424015009429e-01
1.000000000000000000e+00,0.000000000000000000e+00,1.901188242651657145e-01,6.015478424015009429e-01
0.000000000000000000e+00,0.000000000000000000e+00,5.475806451612903469e-01,1.524193548387096919e-01
1.000000000000000000e+00,1.000000000000000000e+00,1.801125703564727953e-01,5.698874296435272324e-01
1.000000000000000000e+00,1.000000000000000000e+00,1.921200750469043150e-01,6.078799249530956184e-01
1.000000000000000000e+00,1.000000000000000000e+00,1.921200750469043150e-01,6.078799249530956184e-01
0.000000000000000000e+00,0.000000000000000000e+00,5.475806451612903469e-01,1.524193548387096919e-01
0.000000000000000000e+00,0.000000000000000000e+00,5.196428571428570731e-01,1.446428571428571563e-01
1.000000000000000000e+00,1.000000000000000000e+00,2.001250781738586615e-01,6.332082551594746533e-01
1.000000000000000000e+00,1.000000000000000000e+00,2.001250781738586615e-01,6.332082551594746533e-01
1.000000000000000000e+00,1.000000000000000000e+00,1.921200750469043150e-01,6.078799249530956184e-01
1.000000000000000000e+00,1.000000000000000000e+00,1.941213258286428878e-01,6.142120075046904049e-01
1.000000000000000000e+00,0.000000000000000000e+00,1.961225766103814883e-01,6.205440900562851914e-01
1.000000000000000000e+00,1.000000000000000000e+00,1.881175734834271418e-01,5.952157598499061564e-01
1.000000000000000000e+00,1.000000000000000000e+00,2.001250781738586615e-01,6.332082551594746533e-01
0.000000000000000000e+00,0.000000000000000000e+00,5.531682027649769129e-01,1.539746543778802157e-01
1.000000000000000000e+00,1.000000000000000000e+00,1.941213258286428878e-01,6.142120075046904049e-01
0.000000000000000000e+00,1.000000000000000000e+00,3.450000000000000844e-01,1.150000000000000328e-01
1.000000000000000000e+00,1.000000000000000000e+00,1.981238273921200610e-01,6.268761726078798668e-01
1.000000000000000000e+00,1.000000000000000000e+00,1.881175734834271418e-01,5.952157598499061564e-01
1.000000000000000000e+00,0.000000000000000000e+00,1.901188242651657145e-01,6.015478424015009429e-01
1.000000000000000000e+00,1.000000000000000000e+00,1.941213258286428878e-01,6.142120075046904049e-01
1.000000000000000000e+00,1.000000000000000000e+00,1.981238273921200610e-01,6.268761726078798668e-01
1.000000000000000000e+00,1.000000000000000000e+00,1.941213258286428878e-01,6.142120075046904049e-01
1.000000000000000000e+00,0.000000000000000000e+00,2.001250781738586615e-01,6.332082551594746533e-01
1.000000000000000000e+00,1.000000000000000000e+00,1.941213258286428878e-01,6.142120075046904049e-01
0.000000000000000000e+00,0.000000000000000000e+00,5.587557603686635899e-01,1.555299539170507117e-01
1.000000000000000000e+00,1.000000000000000000e+00,1.801125703564727953e-01,5.698874296435272324e-01
1.000000000000000000e+00,1.000000000000000000e+00,1.901188242651657145e-01,6.015478424015009429e-01
1.000000000000000000e+00,1.000000000000000000e+00,2.001250781738586615e-01,6.332082551594746533e-01
0.000000000000000000e+00,1.000000000000000000e+00,5.028801843317972642e-01,1.399769585253456405e-01
0.000000000000000000e+00,0.000000000000000000e+00,5.252304147465437500e-01,1.461981566820276524e-01
1.000000000000000000e+00,1.000000000000000000e+00,1.881175734834271418e-01,5.952157598499061564e-01
0.000000000000000000e+00,1.000000000000000000e+00,5.531682027649769129e-01,1.539746543778802157e-01
0.000000000000000000e+00,1.000000000000000000e+00,5.419930875576036700e-01,1.508640552995391959e-01
1.000000000000000000e+00,0.000000000000000000e+00,1.821138211382113958e-01,5.762195121951219079e-01
1.000000000000000000e+00,0.000000000000000000e+00,1.841150719199499686e-01,5.825515947467166944e-01
1.000000000000000000e+00,0.000000000000000000e+00,1.941213258286428878e-01,6.142120075046904049e-01
1.000000000000000000e+00,1.000000000000000000e+00,1.921200750469043150e-01,6.078799249530956184e-01
1.000000000000000000e+00,1.000000000000000000e+00,1.961225766103814883e-01,6.205440900562851914e-01
1.000000000000000000e+00,1.000000000000000000e+00,1.941213258286428878e-01,6.142120075046904049e-01
1.000000000000000000e+00,1.000000000000000000e+00,1.861163227016885413e-01,5.888836772983113699e-01
0.000000000000000000e+00,0.000000000000000000e+00,3.750000000000000555e-01,1.250000000000000278e-01
1.000000000000000000e+00,1.000000000000000000e+00,1.801125703564727953e-01,5.698874296435272324e-01
0.000000000000000000e+00,0.000000000000000000e+00,5.419930875576036700e-01,1.508640552995391959e-01
1.000000000000000000e+00,1.000000000000000000e+00,1.921200750469043150e-01,6.078799249530956184e-01
1.000000000000000000e+00,1.000000000000000000e+00,1.438596491228070484e-01,6.228070175438598088e-01
0.000000000000000000e+00,1.000000000000000000e+00,5.043010752688172893e-01,1.956989247311828051e-01
1.000000000000000000e+00,1.000000000000000000e+00,1.516781083142639264e-01,6.566552250190694773e-01
1.000000000000000000e+00,1.000000000000000000e+00,1.438596491228070484e-01,6.228070175438598088e-01
1.000000000000000000e+00,1.000000000000000000e+00,1.422959572845156617e-01,6.160373760488178085e-01
1.000000000000000000e+00,1.000000000000000000e+00,1.422959572845156617e-01,6.160373760488178085e-01
0.000000000000000000e+00,0.000000000000000000e+00,5.094470046082949510e-01,1.976958525345622053e-01
0.000000000000000000e+00,0.000000000000000000e+00,5.145929339477727238e-01,1.996927803379416333e-01
1.000000000000000000e+00,1.000000000000000000e+00,1.454233409610984074e-01,6.295766590389016981e-01
1.000000000000000000e+00,1.000000000000000000e+00,1.407322654462242750e-01,6.092677345537758082e-01
1.000000000000000000e+00,0.000000000000000000e+00,1.047008547008547175e-01,4.397435897435897911e-01
1.000000000000000000e+00,1.000000000000000000e+00,1.516781083142639264e-01,6.566552250190694773e-01
1.000000000000000000e+00,1.000000000000000000e+00,1.532418001525553131e-01,6.634248665141114776e-01
1.000000000000000000e+00,0.000000000000000000e+00,1.438596491228070484e-01,6.228070175438598088e-01
1.000000000000000000e+00,0.000000000000000000e+00,1.516781083142639264e-01,6.566552250190694773e-01
1.000000000000000000e+00,1.000000000000000000e+00,1.454233409610984074e-01,6.295766590389016981e-01
1.000000000000000000e+00,1.000000000000000000e+00,1.501144164759725674e-01,6.498855835240274770e-01
1.000000000000000000e+00,1.000000000000000000e+00,1.422959572845156617e-01,6.160373760488178085e-01
1.000000000000000000e+00,1.000000000000000000e+00,1.563691838291380865e-01,6.769641495041953672e-01
0.000000000000000000e+00,1.000000000000000000e+00,4.631336405529954403e-01,1.797235023041474644e-01
0.000000000000000000e+00,0.000000000000000000e+00,4.940092165898617993e-01,1.917050691244239491e-01
0.000000000000000000e+00,0.000000000000000000e+00,4.837173579109063093e-01,1.877112135176651209e-01
0.000000000000000000e+00,0.000000000000000000e+00,4.785714285714285920e-01,1.857142857142856929e-01
0.000000000000000000e+00,0.000000000000000000e+00,4.785714285714285920e-01,1.857142857142856929e-01
1.000000000000000000e+00,1.000000000000000000e+00,1.548054919908466998e-01,6.701945080091533669e-01
1.000000000000000000e+00,0.000000000000000000e+00,1.485507246376811807e-01,6.431159420289855877e-01
0.000000000000000000e+00,0.000000000000000000e+00,4.734254992319509303e-01,1.837173579109063204e-01
1.000000000000000000e+00,1.000000000000000000e+00,9.935897435897436680e-02,4.173076923076923239e-01
1.000000000000000000e+00,1.000000000000000000e+00,9.615384615384617306e-02,4.038461538461539102e-01
1.000000000000000000e+00,1.000000000000000000e+00,1.563691838291380865e-01,6.769641495041953672e-01
1.000000000000000000e+00,1.000000000000000000e+00,1.469870327993897940e-01,6.363463005339435874e-01
1.000000000000000000e+00,0.000000000000000000e+00,1.454233409610984074e-01,6.295766590389016981e-01
1.000000000000000000e+00,0.000000000000000000e+00,1.057692307692307959e-01,4.442307692307693179e-01
1.000000000000000000e+00,1.000000000000000000e+00,9.829059829059831610e-02,4.128205128205129082e-01
0.000000000000000000e+00,0.000000000000000000e+00,5.043010752688172893e-01,1.956989247311828051e-01
0.000000000000000000e+00,1.000000000000000000e+00,5.094470046082949510e-01,1.976958525345622053e-01
1.000000000000000000e+00,1.000000000000000000e+00,1.407322654462242750e-01,6.092677345537758082e-01
1.000000000000000000e+00,0.000000000000000000e+00,1.469870327993897940e-01,6.363463005339435874e-01
1.000000000000000000e+00,1.000000000000000000e+00,0.000000000000000000e+00,5.000000000000000000e-01
0.000000000000000000e+00,1.000000000000000000e+00,5.388888888888888618e-01,0.000000000000000000e+00
1.000000000000000000e+00,1.000000000000000000e+00,1.501144164759725674e-01,6.498855835240274770e-01
1.000000000000000000e+00,1.000000000000000000e+00,1.422959572845156617e-01,6.160373760488178085e-01
1.000000000000000000e+00,0.000000000000000000e+00,1.501144164759725674e-01,6.498855835240274770e-01
1.000000000000000000e+00,0.000000000000000000e+00,1.469870327993897940e-01,6.363463005339435874e-01
1.000000000000000000e+00,0.000000000000000000e+00,1.438596491228070484e-01,6.228070175438598088e-01
1.000000000000000000e+00,1.000000000000000000e+00,1.563691838291380865e-01,6.769641495041953672e-01
0.000000000000000000e+00,1.000000000000000000e+00,4.991551459293395165e-01,1.937019969278033771e-01
1.000000000000000000e+00,1.000000000000000000e+00,1.548054919908466998e-01,6.701945080091533669e-01
0.000000000000000000e+00,0.000000000000000000e+00,5.145929339477727238e-01,1.996927803379416333e-01
0.000000000000000000e+00,0.000000000000000000e+00,5.145929339477727238e-01,1.996927803379416333e-01
0.000000000000000000e+00,0.000000000000000000e+00,4.682795698924732131e-01,1.817204301075268924e-01
1.000000000000000000e+00,1.000000000000000000e+00,1.501144164759725674e-01,6.498855835240274770e-01
1.000000000000000000e+00,1.000000000000000000e+00,1.407322654462242750e-01,6.092677345537758082e-01
1.000000000000000000e+00,0.000000000000000000e+00,1.469870327993897940e-01,6.363463005339435874e-01
0.000000000000000000e+00,0.000000000000000000e+00,4.734254992319509303e-01,1.837173579109063204e-01
0.000000000000000000e+00,0.000000000000000000e+00,4.785714285714285920e-01,1.857142857142856929e-01
1.000000000000000000e+00,0.000000000000000000e+00,1.469870327993897940e-01,6.363463005339435874e-01
1.000000000000000000e+00,1.000000000000000000e+00,1.469870327993897940e-01,6.363463005339435874e-01
1.000000000000000000e+00,1.000000000000000000e+00,1.532418001525553131e-01,6.634248665141114776e-01
0.000000000000000000e+00,0.000000000000000000e+00,4.785714285714285920e-01,1.857142857142856929e-01
0.000000000000000000e+00,0.000000000000000000e+00,4.888632872503840820e-01,1.897081413210445489e-01
1.000000000000000000e+00,1.000000000000000000e+00,1.438596491228070484e-01,6.228070175438598088e-01
1.000000000000000000e+00,0.000000000000000000e+00,0.000000000000000000e+00,4.700000000000000844e-01
1.000000000000000000e+00,1.000000000000000000e+00,1.485507246376811807e-01,6.431159420289855877e-01
1.000000000000000000e+00,0.000000000000000000e+00,1.454233409610984074e-01,6.295766590389016981e-01
1.000000000000000000e+00,1.000000000000000000e+00,1.516781083142639264e-01,6.566552250190694773e-01
1.000000000000000000e+00,1.000000000000000000e+00,1.422959572845156617e-01,6.160373760488178085e-01
1.000000000000000000e+00,1.000000000000000000e+00,1.407322654462242750e-01,6.092677345537758082e-01
0.000000000000000000e+00,0.000000000000000000e+00,4.734254992319509303e-01,1.837173579109063204e-01
1.000000000000000000e+00,1.000000000000000000e+00,1.438596491228070484e-01,6.228070175438598088e-01
1.000000000000000000e+00,1.000000000000000000e+00,1.422959572845156617e-01,6.160373760488178085e-01
1.000000000000000000e+00,0.000000000000000000e+00,1.516781083142639264e-01,6.566552250190694773e-01
0.000000000000000000e+00,1.000000000000000000e+00,4.785714285714285920e-01,1.857142857142856929e-01
1.000000000000000000e+00,1.000000000000000000e+00,1.532418001525553131e-01,6.634248665141114776e-01
1.000000000000000000e+00,1.000000000000000000e+00,1.469870327993897940e-01,6.363463005339435874e-01
1.000000000000000000e+00,1.000000000000000000e+00,1.563691838291380865e-01,6.769641495041953672e-01
1.000000000000000000e+00,1.000000000000000000e+00,1.563691838291380865e-01,6.769641495041953672e-01
1.000000000000000000e+00,1.000000000000000000e+00,1.520689655172413890e-01,6.645977011494251796e-01
1.000000000000000000e+00,1.000000000000000000e+00,1.412068965517241370e-01,6.171264367816091667e-01
0.000000000000000000e+00,1.000000000000000000e+00,3.738636363636363980e-01,5.340909090909091300e-02
0.000000000000000000e+00,0.000000000000000000e+00,5.066052227342550118e-01,1.862519201228878540e-01
1.000000000000000000e+00,0.000000000000000000e+00,1.474137931034482651e-01,6.442528735632183645e-01
0.000000000000000000e+00,0.000000000000000000e+00,5.066052227342550118e-01,1.862519201228878540e-01
1.000000000000000000e+00,1.000000000000000000e+00,1.536206896551724210e-01,6.713793103448275623e-01
1.000000000000000000e+00,1.000000000000000000e+00,1.489655172413792972e-01,6.510344827586206362e-01
0.000000000000000000e+00,0.000000000000000000e+00,4.752688172043010861e-01,1.747311827956989361e-01
1.000000000000000000e+00,0.000000000000000000e+00,1.489655172413792972e-01,6.510344827586206362e-01
0.000000000000000000e+00,0.000000000000000000e+00,5.013824884792627001e-01,1.843317972350230205e-01
1.000000000000000000e+00,1.000000000000000000e+00,9.276315789473683904e-02,4.947368421052630860e-01
1.000000000000000000e+00,1.000000000000000000e+00,1.551724137931034531e-01,6.781609195402298340e-01
1.000000000000000000e+00,1.000000000000000000e+00,1.458620689655172331e-01,6.374712643678159818e-01
1.000000000000000000e+00,1.000000000000000000e+00,8.980263157894737003e-02,4.789473684210526216e-01
0.000000000000000000e+00,1.000000000000000000e+00,4.700460829493087744e-01,1.728110599078341025e-01
1.000000000000000000e+00,1.000000000000000000e+00,1.536206896551724210e-01,6.713793103448275623e-01
0.000000000000000000e+00,1.000000000000000000e+00,4.909370199692780212e-01,1.804915514592933812e-01
1.000000000000000000e+00,1.000000000000000000e+00,1.551724137931034531e-01,6.781609195402298340e-01
1.000000000000000000e+00,1.000000000000000000e+00,1.551724137931034531e-01,6.781609195402298340e-01
0.000000000000000000e+00,0.000000000000000000e+00,5.170506912442396352e-01,1.900921658986174934e-01
1.000000000000000000e+00,0.000000000000000000e+00,1.505172413793103570e-01,6.578160919540229079e-01
1.000000000000000000e+00,1.000000000000000000e+00,1.489655172413792972e-01,6.510344827586206362e-01
1.000000000000000000e+00,1.000000000000000000e+00,1.458620689655172331e-01,6.374712643678159818e-01
0.000000000000000000e+00,1.000000000000000000e+00,5.170506912442396352e-01,1.900921658986174934e-01
1.000000000000000000e+00,1.000000000000000000e+00,1.505172413793103570e-01,6.578160919540229079e-01
1.000000000000000000e+00,1.000000000000000000e+00,1.536206896551724210e-01,6.713793103448275623e-01
1.000000000000000000e+00,1.000000000000000000e+00,1.489655172413792972e-01,6.510344827586206362e-01
1.000000000000000000e+00,1.000000000000000000e+00,1.458620689655172331e-01,6.374712643678159818e-01
0.000000000000000000e+00,1.000000000000000000e+00,4.804915514592933978e-01,1.766513056835637419e-01
1.000000000000000000e+00,1.000000000000000000e+00,1.396551724137931050e-01,6.103448275862068950e-01
1.000000000000000000e+00,1.000000000000000000e+00,1.396551724137931050e-01,6.103448275862068950e-01
1.000000000000000000e+00,1.000000000000000000e+00,1.520689655172413890e-01,6.645977011494251796e-01
0.000000000000000000e+00,1.000000000000000000e+00,5.013824884792627001e-01,1.843317972350230205e-01
1.000000000000000000e+00,1.000000000000000000e+00,1.474137931034482651e-01,6.442528735632183645e-01
1.000000000000000000e+00,1.000000000000000000e+00,1.505172413793103570e-01,6.578160919540229079e-01
1.000000000000000000e+00,1.000000000000000000e+00,1.520689655172413890e-01,6.645977011494251796e-01
0.000000000000000000e+00,0.000000000000000000e+00,4.857142857142856540e-01,1.785714285714285476e-01
0.000000000000000000e+00,0.000000000000000000e+00,5.118279569892473235e-01,1.881720430107526876e-01
1.000000000000000000e+00,1.000000000000000000e+00,1.474137931034482651e-01,6.442528735632183645e-01
0.000000000000000000e+00,1.000000000000000000e+00,5.170506912442396352e-01,1.900921658986174934e-01
0.000000000000000000e+00,0.000000000000000000e+00,4.752688172043010861e-01,1.747311827956989361e-01
1.000000000000000000e+00,0.000000000000000000e+00,1.427586206896551968e-01,6.239080459770114384e-01
1.000000000000000000e+00,0.000000000000000000e+00,1.536206896551724210e-01,6.713793103448275623e-01
0.000000000000000000e+00,0.000000000000000000e+00,5.222734254992319469e-01,1.920122887864823269e-01
1.000000000000000000e+00,1.000000000000000000e+00,1.505172413793103570e-01,6.578160919540229079e-01
1.000000000000000000e+00,1.000000000000000000e+00,1.443103448275862011e-01,6.306896551724137101e-01
1.000000000000000000e+00,0.000000000000000000e+00,1.443103448275862011e-01,6.306896551724137101e-01
1.000000000000000000e+00,1.000000000000000000e+00,1.458620689655172331e-01,6.374712643678159818e-01
1.000000000000000000e+00,1.000000000000000000e+00,1.396551724137931050e-01,6.103448275862068950e-01
0.000000000000000000e+00,0.000000000000000000e+00,5.170506912442396352e-01,1.900921658986174934e-01
1.000000000000000000e+00,1.000000000000000000e+00,1.412068965517241370e-01,6.171264367816091667e-01
1.000000000000000000e+00,0.000000000000000000e+00,1.536206896551724210e-01,6.713793103448275623e-01
1.000000000000000000e+00,1.000000000000000000e+00,1.396551724137931050e-01,6.103448275862068950e-01
1.000000000000000000e+00,1.000000000000000000e+00,1.474137931034482651e-01,6.442528735632183645e-01
1.000000000000000000e+00,0.000000000000000000e+00,1.536206896551724210e-01,6.713793103448275623e-01
1.000000000000000000e+00,1.000000000000000000e+00,1.474137931034482651e-01,6.442528735632183645e-01
1.000000000000000000e+00,1.000000000000000000e+00,1.551724137931034531e-01,6.781609195402298340e-01
1.000000000000000000e+00,1.000000000000000000e+00,1.489655172413792972e-01,6.510344827586206362e-01
1.000000000000000000e+00,1.000000000000000000e+00,1.489655172413792972e-01,6.510344827586206362e-01
1.000000000000000000e+00,1.000000000000000000e+00,1.536206896551724210e-01,6.713793103448275623e-01
1.000000000000000000e+00,1.000000000000000000e+00,1.536206896551724210e-01,6.713793103448275623e-01
1.000000000000000000e+00,1.000000000000000000e+00,9.078947368421053099e-02,4.842105263157894801e-01
1.000000000000000000e+00,0.000000000000000000e+00,1.412068965517241370e-01,6.171264367816091667e-01
0.000000000000000000e+00,0.000000000000000000e+00,4.909370199692780212e-01,1.804915514592933812e-01
1.000000000000000000e+00,1.000000000000000000e+00,1.474137931034482651e-01,6.442528735632183645e-01
1.000000000000000000e+00,0.000000000000000000e+00,1.505172413793103570e-01,6.578160919540229079e-01
1.000000000000000000e+00,0.000000000000000000e+00,1.412068965517241370e-01,6.171264367816091667e-01
1.000000000000000000e+00,0.000000000000000000e+00,1.458620689655172331e-01,6.374712643678159818e-01
0.000000000000000000e+00,0.000000000000000000e+00,4.804915514592933978e-01,1.766513056835637419e-01
1.000000000000000000e+00,1.000000000000000000e+00,1.474137931034482651e-01,6.442528735632183645e-01
0.000000000000000000e+00,0.000000000000000000e+00,4.961597542242703329e-01,1.824116743471582147e-01
1.000000000000000000e+00,0.000000000000000000e+00,1.458620689655172331e-01,6.374712643678159818e-01
0.000000000000000000e+00,1.000000000000000000e+00,5.066052227342550118e-01,1.862519201228878540e-01
0.000000000000000000e+00,0.000000000000000000e+00,5.013824884792627001e-01,1.843317972350230205e-01
