1.000000000000000000e+00,1.000000000000000000e+00,6.944444444444444753e-02,5.000000000000001110e-01,5.555555555555555941e-02,0.000000000000000000e+00,0.000000000000000000e+00,0.000000000000000000e+00
1.000000000000000000e+00,1.000000000000000000e+00,0.000000000000000000e+00,4.363636363636363980e-01,0.000000000000000000e+00,0.000000000000000000e+00,0.000000000000000000e+00,0.000000000000000000e+00
0.000000000000000000e+00,0.000000000000000000e+00,3.490410958904109906e-01,6.856164383561644260e-02,2.493150684931507224e-02,0.000000000000000000e+00,6.232876712328768061e-03,6.232876712328768061e-03
0.000000000000000000e+00,0.000000000000000000e+00,3.452054794520548198e-01,6.780821917808220467e-02,2.465753424657534526e-02,0.000000000000000000e+00,6.164383561643836315e-03,6.164383561643836315e-03
5.000000000000000000e+00,5.000000000000000000e+00,0.000000000000000000e+00,0.000000000000000000e+00,0.000000000000000000e+00,0.000000000000000000e+00,0.000000000000000000e+00,5.812499999999999334e-01
3.000000000000000000e+00,3.000000000000000000e+00,0.000000000000000000e+00,0.000000000000000000e+00,0.000000000000000000e+00,4.750000000000000888e-01,0.000000000000000000e+00,0.000000000000000000e+00
5.000000000000000000e+00,3.000000000000000000e+00,0.000000000000000000e+00,0.000000000000000000e+00,0.000000000000000000e+00,0.000000000000000000e+00,0.000000000000000000e+00,5.687499999999999778e-01
1.000000000000000000e+00,1.000000000000000000e+00,0.000000000000000000e+00,4.318181818181818232e-01,0.000000000000000000e+00,0.000000000000000000e+00,0.000000000000000000e+00,0.000000000000000000e+00
1.000000000000000000e+00,1.000000000000000000e+00,0.000000000000000000e+00,4.318181818181818232e-01,0.000000000000000000e+00,0.000000000000000000e+00,0.000000000000000000e+00,0.000000000000000000e+00
5.000000000000000000e+00,5.000000000000000000e+00,0.000000000000000000e+00,0.000000000000000000e+00,0.000000000000000000e+00,0.000000000000000000e+00,0.000000000000000000e+00,5.874999999999999112e-01
0.000000000000000000e+00,2.000000000000000000e+00,3.682191780821917892e-01,7.232876712328767388e-02,2.630136986301370022e-02,0.000000000000000000e+00,6.575342465753425056e-03,6.575342465753425056e-03
1.000000000000000000e+00,0.000000000000000000e+00,6.666666666666666574e-02,4.800000000000000933e-01,5.333333333333333676e-02,0.000000000000000000e+00,0.000000000000000000e+00,0.000000000000000000e+00
4.000000000000000000e+00,4.000000000000000000e+00,0.000000000000000000e+00,0.000000000000000000e+00,0.000000000000000000e+00,0.000000000000000000e+00,5.500000000000000444e-01,0.000000000000000000e+00
2.000000000000000000e+00,1.000000000000000000e+00,0.000000000000000000e+00,0.000000000000000000e+00,3.461538461538461453e-01,0.000000000000000000e+00,0.000000000000000000e+00,0.000000000000000000e+00
5.000000000000000000e+00,5.000000000000000000e+00,0.000000000000000000e+00,0.000000000000000000e+00,0.000000000000000000e+00,0.000000000000000000e+00,0.000000000000000000e+00,5.874999999999999112e-01
3.000000000000000000e+00,3.000000000000000000e+00,0.000000000000000000e+00,0.000000000000000000e+00,0.000000000000000000e+00,3.833333333333333592e-01,0.000000000000000000e+00,0.000000000000000000e+00
5.000000000000000000e+00,3.000000000000000000e+00,0.000000000000000000e+00,0.000000000000000000e+00,0.000000000000000000e+00,0.000000000000000000e+00,0.000000000000000000e+00,4.041666666666666741e-01
1.000000000000000000e+00,1.000000000000000000e+00,6.388888888888889783e-02,4.600000000000001310e-01,5.111111111111111410e-02,0.000000000000000000e+00,0.000000000000000000e+00,0.000000000000000000e+00
4.000000000000000000e+00,1.000000000000000000e+00,0.000000000000000000e+00,0.000000000000000000e+00,0.000000000000000000e+00,0.000000000000000000e+00,5.388888888888888618e-01,0.000000000000000000e+00
1.000000000000000000e+00,1.000000000000000000e+00,6.250000000000000000e-02,4.500000000000001221e-01,5.000000000000000278e-02,0.000000000000000000e+00,0.000000000000000000e+00,0.000000000000000000e+00
1.000000000000000000e+00,1.000000000000000000e+00,6.805555555555556357e-02,4.900000000000001021e-01,5.444444444444444808e-02,0.000000000000000000e+00,0.000000000000000000e+00,0.000000000000000000e+00
0.000000000000000000e+00,0.000000000000000000e+00,3.490410958904109906e-01,6.856164383561644260e-02,2.493150684931507224e-02,0.000000000000000000e+00,6.232876712328768061e-03,6.232876712328768061e-03
1.000000000000000000e+00,1.000000000000000000e+00,6.657608695652174335e-02,4.793478260869565855e-01,5.326086956521739607e-02,0.000000000000000000e+00,1.331521739130434902e-02,0.000000000000000000e+00
2.000000000000000000e+00,0.000000000000000000e+00,0.000000000000000000e+00,0.000000000000000000e+00,3.214285714285713969e-01,0.000000000000000000e+00,0.000000000000000000e+00,0.000000000000000000e+00
1.000000000000000000e+00,1.000000000000000000e+00,0.000000000000000000e+00,4.550000000000001266e-01,0.000000000000000000e+00,0.000000000000000000e+00,0.000000000000000000e+00,0.000000000000000000e+00
1.000000000000000000e+00,1.000000000000000000e+00,0.000000000000000000e+00,4.600000000000001310e-01,0.000000000000000000e+00,0.000000000000000000e+00,0.000000000000000000e+00,0.000000000000000000e+00
0.000000000000000000e+00,0.000000000000000000e+00,3.535714285714285365e-01,0.000000000000000000e+00,0.000000000000000000e+00,0.000000000000000000e+00,0.000000000000000000e+00,0.000000000000000000e+00
0.000000000000000000e+00,0.000000000000000000e+00,3.833333333333333592e-01,0.000000000000000000e+00,0.000000000000000000e+00,0.000000000000000000e+00,0.000000000000000000e+00,0.000000000000000000e+00
1.000000000000000000e+00,1.000000000000000000e+00,6.657608695652174335e-02,4.793478260869565855e-01,5.326086956521739607e-02,0.000000000000000000e+00,1.331521739130434902e-02,0.000000000000000000e+00
0.000000000000000000e+00,0.000000000000000000e+00,3.591836734693877875e-01,1.632653061224489596e-02,1.632653061224489596e-02,0.000000000000000000e+00,0.000000000000000000e+00,8.163265306122447981e-03
1.000000000000000000e+00,1.000000000000000000e+00,6.589673913043478382e-02,4.744565217391304990e-01,5.271739130434782705e-02,0.000000000000000000e+00,1.317934782608695676e-02,0.000000000000000000e+00
1.000000000000000000e+00,1.000000000000000000e+00,6.250000000000001388e-02,4.500000000000000666e-01,5.000000000000000971e-02,0.000000000000000000e+00,1.250000000000000243e-02,0.000000000000000000e+00
5.000000000000000000e+00,3.000000000000000000e+00,0.000000000000000000e+00,0.000000000000000000e+00,0.000000000000000000e+00,0.000000000000000000e+00,0.000000000000000000e+00,4.409090909090909172e-01
1.000000000000000000e+00,1.000000000000000000e+00,6.725543478260870289e-02,4.842391304347826719e-01,5.380434782608695815e-02,0.000000000000000000e+00,1.345108695652173954e-02,0.000000000000000000e+00
5.000000000000000000e+00,5.000000000000000000e+00,0.000000000000000000e+00,0.000000000000000000e+00,0.000000000000000000e+00,0.000000000000000000e+00,0.000000000000000000e+00,5.625000000000000000e-01
0.000000000000000000e+00,2.000000000000000000e+00,3.704081632653061229e-01,1.683673469387754820e-02,1.683673469387754820e-02,0.000000000000000000e+00,0.000000000000000000e+00,8.418367346938774101e-03
1.000000000000000000e+00,0.000000000000000000e+00,6.589673913043478382e-02,4.744565217391304990e-01,5.271739130434782705e-02,0.000000000000000000e+00,1.317934782608695676e-02,0.000000000000000000e+00
2.000000000000000000e+00,0.000000000000000000e+00,0.000000000000000000e+00,0.000000000000000000e+00,3.285714285714285143e-01,0.000000000000000000e+00,0.000000000000000000e+00,0.000000000000000000e+00
0.000000000000000000e+00,1.000000000000000000e+00,3.666666666666666963e-01,1.666666666666666297e-02,1.666666666666666297e-02,0.000000000000000000e+00,0.000000000000000000e+00,8.333333333333331483e-03
0.000000000000000000e+00,0.000000000000000000e+00,3.442176870748299700e-01,1.564625850340135849e-02,1.564625850340135849e-02,0.000000000000000000e+00,0.000000000000000000e+00,7.823129251700679243e-03
2.000000000000000000e+00,0.000000000000000000e+00,0.000000000000000000e+00,0.000000000000000000e+00,4.041666666666666741e-01,0.000000000000000000e+00,0.000000000000000000e+00,0.000000000000000000e+00
2.000000000000000000e+00,2.000000000000000000e+00,0.000000000000000000e+00,0.000000000000000000e+00,4.650000000000000799e-01,0.000000000000000000e+00,0.000000000000000000e+00,0.000000000000000000e+00
0.000000000000000000e+00,0.000000000000000000e+00,3.442176870748299700e-01,1.564625850340135849e-02,1.564625850340135849e-02,0.000000000000000000e+00,0.000000000000000000e+00,7.823129251700679243e-03
0.000000000000000000e+00,0.000000000000000000e+00,3.404761904761904878e-01,1.547619047619047498e-02,1.547619047619047498e-02,0.000000000000000000e+00,0.000000000000000000e+00,7.738095238095237492e-03
1.000000000000000000e+00,1.000000000000000000e+00,7.826086956521738358e-02,4.826086956521739579e-01,3.913043478260869179e-02,0.000000000000000000e+00,0.000000000000000000e+00,0.000000000000000000e+00
0.000000000000000000e+00,5.000000000000000000e+00,6.187500000000000222e-01,0.000000000000000000e+00,0.000000000000000000e+00,0.000000000000000000e+00,0.000000000000000000e+00,0.000000000000000000e+00
3.000000000000000000e+00,3.000000000000000000e+00,0.000000000000000000e+00,0.000000000000000000e+00,0.000000000000000000e+00,4.545454545454545858e-01,0.000000000000000000e+00,0.000000000000000000e+00
1.000000000000000000e+00,1.000000000000000000e+00,0.000000000000000000e+00,4.900000000000001021e-01,0.000000000000000000e+00,0.000000000000000000e+00,0.000000000000000000e+00,0.000000000000000000e+00
5.000000000000000000e+00,5.000000000000000000e+00,0.000000000000000000e+00,0.000000000000000000e+00,0.000000000000000000e+00,0.000000000000000000e+00,0.000000000000000000e+00,5.750000000000000666e-01
1.000000000000000000e+00,1.000000000000000000e+00,7.500000000000001110e-02,4.625000000000000777e-01,3.750000000000000555e-02,0.000000000000000000e+00,0.000000000000000000e+00,0.000000000000000000e+00
1.000000000000000000e+00,4.000000000000000000e+00,7.744565217391304046e-02,4.775815217391304879e-01,3.872282608695652023e-02,0.000000000000000000e+00,0.000000000000000000e+00,0.000000000000000000e+00
5.000000000000000000e+00,5.000000000000000000e+00,0.000000000000000000e+00,0.000000000000000000e+00,0.000000000000000000e+00,0.000000000000000000e+00,0.000000000000000000e+00,6.187500000000000222e-01
5.000000000000000000e+00,5.000000000000000000e+00,0.000000000000000000e+00,0.000000000000000000e+00,0.000000000000000000e+00,0.000000000000000000e+00,0.000000000000000000e+00,5.750000000000000666e-01
0.000000000000000000e+00,0.000000000000000000e+00,3.380000000000000782e-01,7.150000000000000799e-02,3.250000000000000805e-02,0.000000000000000000e+00,6.500000000000000569e-03,6.500000000000000569e-03
0.000000000000000000e+00,0.000000000000000000e+00,3.491428571428571992e-01,7.385714285714287120e-02,3.357142857142857151e-02,0.000000000000000000e+00,6.714285714285714302e-03,6.714285714285714302e-03
1.000000000000000000e+00,0.000000000000000000e+00,0.000000000000000000e+00,4.850000000000000977e-01,0.000000000000000000e+00,0.000000000000000000e+00,0.000000000000000000e+00,0.000000000000000000e+00
0.000000000000000000e+00,0.000000000000000000e+00,3.454285714285714737e-01,7.307142857142857884e-02,3.321428571428571702e-02,0.000000000000000000e+00,6.642857142857143057e-03,6.642857142857143057e-03
0.000000000000000000e+00,0.000000000000000000e+00,3.342857142857143526e-01,7.071428571428572951e-02,3.214285714285714662e-02,0.000000000000000000e+00,6.428571428571429325e-03,6.428571428571429325e-03
1.000000000000000000e+00,1.000000000000000000e+00,7.663043478260869734e-02,4.725543478260870178e-01,3.831521739130434867e-02,0.000000000000000000e+00,0.000000000000000000e+00,0.000000000000000000e+00
3.000000000000000000e+00,3.000000000000000000e+00,0.000000000000000000e+00,0.000000000000000000e+00,0.000000000000000000e+00,4.409090909090909172e-01,0.000000000000000000e+00,0.000000000000000000e+00
0.000000000000000000e+00,0.000000000000000000e+00,3.454285714285714737e-01,7.307142857142857884e-02,3.321428571428571702e-02,0.000000000000000000e+00,6.642857142857143057e-03,6.642857142857143057e-03
0.000000000000000000e+00,0.000000000000000000e+00,3.417142857142858037e-01,7.228571428571430035e-02,3.285714285714286254e-02,0.000000000000000000e+00,6.571428571428572681e-03,6.571428571428572681e-03
2.000000000000000000e+00,0.000000000000000000e+00,0.000000000000000000e+00,0.000000000000000000e+00,4.550000000000001266e-01,0.000000000000000000e+00,0.000000000000000000e+00,0.000000000000000000e+00
1.000000000000000000e+00,1.000000000000000000e+00,7.500000000000001110e-02,4.625000000000000777e-01,3.750000000000000555e-02,0.000000000000000000e+00,0.000000000000000000e+00,0.000000000000000000e+00
1.000000000000000000e+00,1.000000000000000000e+00,0.000000000000000000e+00,4.950000000000001066e-01,0.000000000000000000e+00,0.000000000000000000e+00,0.000000000000000000e+00,0.000000000000000000e+00
1.000000000000000000e+00,2.000000000000000000e+00,7.907608695652174058e-02,4.876358695652174280e-01,3.953804347826087029e-02,0.000000000000000000e+00,0.000000000000000000e+00,0.000000000000000000e+00
0.000000000000000000e+00,0.000000000000000000e+00,3.601731601731602006e-01,4.155844155844155841e-02,2.770562770562770907e-02,0.000000000000000000e+00,0.000000000000000000e+00,6.926406926406927268e-03
2.000000000000000000e+00,2.000000000000000000e+00,0.000000000000000000e+00,0.000000000000000000e+00,3.214285714285713969e-01,0.000000000000000000e+00,0.000000000000000000e+00,0.000000000000000000e+00
0.000000000000000000e+00,1.000000000000000000e+00,3.676767676767677129e-01,4.242424242424242681e-02,2.828282828282828454e-02,0.000000000000000000e+00,0.000000000000000000e+00,7.070707070707071135e-03
2.000000000000000000e+00,0.000000000000000000e+00,0.000000000000000000e+00,0.000000000000000000e+00,4.272727272727273040e-01,0.000000000000000000e+00,0.000000000000000000e+00,0.000000000000000000e+00
1.000000000000000000e+00,2.000000000000000000e+00,3.959595959595960113e-02,3.761616161616161969e-01,2.969696969696970085e-02,0.000000000000000000e+00,0.000000000000000000e+00,0.000000000000000000e+00
3.000000000000000000e+00,3.000000000000000000e+00,0.000000000000000000e+00,0.000000000000000000e+00,0.000000000000000000e+00,4.409090909090909172e-01,0.000000000000000000e+00,0.000000000000000000e+00
3.000000000000000000e+00,3.000000000000000000e+00,0.000000000000000000e+00,0.000000000000000000e+00,0.000000000000000000e+00,4.363636363636363980e-01,0.000000000000000000e+00,0.000000000000000000e+00
2.000000000000000000e+00,1.000000000000000000e+00,0.000000000000000000e+00,0.000000000000000000e+00,3.249999999999999556e-01,0.000000000000000000e+00,0.000000000000000000e+00,0.000000000000000000e+00
5.000000000000000000e+00,5.000000000000000000e+00,0.000000000000000000e+00,0.000000000000000000e+00,0.000000000000000000e+00,0.000000000000000000e+00,0.000000000000000000e+00,6.125000000000000444e-01
1.000000000000000000e+00,0.000000000000000000e+00,3.959595959595960113e-02,3.761616161616161969e-01,2.969696969696970085e-02,0.000000000000000000e+00,0.000000000000000000e+00,0.000000000000000000e+00
1.000000000000000000e+00,3.000000000000000000e+00,0.000000000000000000e+00,5.166666666666666075e-01,0.000000000000000000e+00,0.000000000000000000e+00,0.000000000000000000e+00,0.000000000000000000e+00
0.000000000000000000e+00,1.000000000000000000e+00,3.676767676767677129e-01,4.242424242424242681e-02,2.828282828282828454e-02,0.000000000000000000e+00,0.000000000000000000e+00,7.070707070707071135e-03
0.000000000000000000e+00,1.000000000000000000e+00,4.136363636363636909e-01,0.000000000000000000e+00,0.000000000000000000e+00,0.000000000000000000e+00,0.000000000000000000e+00,0.000000000000000000e+00
4.000000000000000000e+00,4.000000000000000000e+00,0.000000000000000000e+00,0.000000000000000000e+00,0.000000000000000000e+00,0.000000000000000000e+00,5.222222222222222543e-01,0.000000000000000000e+00
0.000000000000000000e+00,1.000000000000000000e+00,4.454545454545454919e-01,0.000000000000000000e+00,0.000000000000000000e+00,0.000000000000000000e+00,0.000000000000000000e+00,0.000000000000000000e+00
1.000000000000000000e+00,1.000000000000000000e+00,4.000000000000000083e-02,3.800000000000000044e-01,3.000000000000000236e-02,0.000000000000000000e+00,0.000000000000000000e+00,0.000000000000000000e+00
1.000000000000000000e+00,1.000000000000000000e+00,4.040404040404040747e-02,3.838383838383838675e-01,3.030303030303030734e-02,0.000000000000000000e+00,0.000000000000000000e+00,0.000000000000000000e+00
0.000000000000000000e+00,2.000000000000000000e+00,3.526695526695526883e-01,4.069264069264069694e-02,2.712842712842713014e-02,0.000000000000000000e+00,0.000000000000000000e+00,6.782106782106782535e-03
0.000000000000000000e+00,0.000000000000000000e+00,3.714285714285714968e-01,4.285714285714286448e-02,2.857142857142857401e-02,0.000000000000000000e+00,0.000000000000000000e+00,7.142857142857143501e-03
0.000000000000000000e+00,0.000000000000000000e+00,3.489177489177489599e-01,4.025974025974025927e-02,2.683982683982684067e-02,0.000000000000000000e+00,0.000000000000000000e+00,6.709956709956710168e-03
0.000000000000000000e+00,0.000000000000000000e+00,3.376623376623377193e-01,3.896103896103896708e-02,2.597402597402597921e-02,0.000000000000000000e+00,0.000000000000000000e+00,6.493506493506494802e-03
0.000000000000000000e+00,1.000000000000000000e+00,3.601731601731602006e-01,4.155844155844155841e-02,2.770562770562770907e-02,0.000000000000000000e+00,0.000000000000000000e+00,6.926406926406927268e-03
0.000000000000000000e+00,2.000000000000000000e+00,3.630136986301370494e-01,9.589041095890411814e-02,3.424657534246575846e-02,0.000000000000000000e+00,0.000000000000000000e+00,6.849315068493151172e-03
0.000000000000000000e+00,0.000000000000000000e+00,3.751141552511415567e-01,9.908675799086757996e-02,3.538812785388128351e-02,0.000000000000000000e+00,0.000000000000000000e+00,7.077625570776255835e-03
1.000000000000000000e+00,1.000000000000000000e+00,6.887755102040817035e-02,4.362244897959184353e-01,4.591836734693877792e-02,0.000000000000000000e+00,1.147959183673469448e-02,0.000000000000000000e+00
5.000000000000000000e+00,5.000000000000000000e+00,0.000000000000000000e+00,0.000000000000000000e+00,0.000000000000000000e+00,0.000000000000000000e+00,0.000000000000000000e+00,5.937500000000000000e-01
0.000000000000000000e+00,1.000000000000000000e+00,4.033485540334855735e-01,1.065449010654490186e-01,3.805175038051750863e-02,0.000000000000000000e+00,0.000000000000000000e+00,7.610350076103501206e-03
1.000000000000000000e+00,1.000000000000000000e+00,7.270408163265305868e-02,4.604591836734693855e-01,4.846938775510203912e-02,0.000000000000000000e+00,1.211734693877550978e-02,0.000000000000000000e+00
0.000000000000000000e+00,2.000000000000000000e+00,4.033485540334855735e-01,1.065449010654490186e-01,3.805175038051750863e-02,0.000000000000000000e+00,0.000000000000000000e+00,7.610350076103501206e-03
5.000000000000000000e+00,1.000000000000000000e+00,0.000000000000000000e+00,0.000000000000000000e+00,0.000000000000000000e+00,0.000000000000000000e+00,0.000000000000000000e+00,5.687499999999999778e-01
5.000000000000000000e+00,5.000000000000000000e+00,0.000000000000000000e+00,0.000000000000000000e+00,0.000000000000000000e+00,0.000000000000000000e+00,0.000000000000000000e+00,6.062499999999999556e-01
0.000000000000000000e+00,0.000000000000000000e+00,3.630136986301370494e-01,9.589041095890411814e-02,3.424657534246575846e-02,0.000000000000000000e+00,0.000000000000000000e+00,6.849315068493151172e-03
0.000000000000000000e+00,0.000000000000000000e+00,3.710806697108067209e-01,9.802130898021310657e-02,3.500761035007610850e-02,0.000000000000000000e+00,0.000000000000000000e+00,7.001522070015221526e-03
4.000000000000000000e+00,1.000000000000000000e+00,0.000000000000000000e+00,0.000000000000000000e+00,0.000000000000000000e+00,0.000000000000000000e+00,4.900000000000001021e-01,0.000000000000000000e+00
2.000000000000000000e+00,1.000000000000000000e+00,0.000000000000000000e+00,0.000000000000000000e+00,4.454545454545454919e-01,0.000000000000000000e+00,0.000000000000000000e+00,0.000000000000000000e+00
1.000000000000000000e+00,1.000000000000000000e+00,0.000000000000000000e+00,5.277777777777777901e-01,0.000000000000000000e+00,0.000000000000000000e+00,0.000000000000000000e+00,0.000000000000000000e+00
0.000000000000000000e+00,4.000000000000000000e+00,3.791476407914763924e-01,1.001522070015220672e-01,3.576864535768645853e-02,0.000000000000000000e+00,0.000000000000000000e+00,7.153729071537291012e-03
0.000000000000000000e+00,0.000000000000000000e+00,3.630136986301370494e-01,9.589041095890411814e-02,3.424657534246575846e-02,0.000000000000000000e+00,0.000000000000000000e+00,6.849315068493151172e-03
1.000000000000000000e+00,1.000000000000000000e+00,6.964285714285714524e-02,4.410714285714286143e-01,4.642857142857143016e-02,0.000000000000000000e+00,1.160714285714285754e-02,0.000000000000000000e+00
0.000000000000000000e+00,1.000000000000000000e+00,3.751141552511415567e-01,9.908675799086757996e-02,3.538812785388128351e-02,0.000000000000000000e+00,0.000000000000000000e+00,7.077625570776255835e-03
0.000000000000000000e+00,0.000000000000000000e+00,3.670471841704718852e-01,9.695585996955860542e-02,3.462709284627093348e-02,0.000000000000000000e+00,0.000000000000000000e+00,6.925418569254186349e-03
0.000000000000000000e+00,0.000000000000000000e+00,3.872146118721461194e-01,1.022831050228310557e-01,3.652968036529680856e-02,0.000000000000000000e+00,0.000000000000000000e+00,7.305936073059360499e-03
0.000000000000000000e+00,0.000000000000000000e+00,3.710806697108067209e-01,9.802130898021310657e-02,3.500761035007610850e-02,0.000000000000000000e+00,0.000000000000000000e+00,7.001522070015221526e-03
0.000000000000000000e+00,1.000000000000000000e+00,4.033485540334855735e-01,1.065449010654490186e-01,3.805175038051750863e-02,0.000000000000000000e+00,0.000000000000000000e+00,7.610350076103501206e-03
1.000000000000000000e+00,0.000000000000000000e+00,3.267973856209150513e-02,4.248366013071895320e-01,0.000000000000000000e+00,3.267973856209150513e-02,3.267973856209150513e-02,3.267973856209150513e-02
1.000000000000000000e+00,2.000000000000000000e+00,6.184895833333333565e-02,4.576822916666666852e-01,3.710937500000000000e-02,0.000000000000000000e+00,2.473958333333333218e-02,1.236979166666666609e-02
2.000000000000000000e+00,0.000000000000000000e+00,0.000000000000000000e+00,0.000000000000000000e+00,4.800000000000000933e-01,0.000000000000000000e+00,0.000000000000000000e+00,0.000000000000000000e+00
1.000000000000000000e+00,1.000000000000000000e+00,6.184895833333333565e-02,4.576822916666666852e-01,3.710937500000000000e-02,0.000000000000000000e+00,2.473958333333333218e-02,1.236979166666666609e-02
0.000000000000000000e+00,1.000000000000000000e+00,3.797014925373134453e-01,5.731343283582089609e-02,3.582089552238806179e-02,0.000000000000000000e+00,0.000000000000000000e+00,7.164179104477612012e-03
1.000000000000000000e+00,4.000000000000000000e+00,6.119791666666666435e-02,4.528645833333333481e-01,3.671874999999999445e-02,0.000000000000000000e+00,2.447916666666666644e-02,1.223958333333333322e-02
1.000000000000000000e+00,2.000000000000000000e+00,0.000000000000000000e+00,4.125000000000000333e-01,0.000000000000000000e+00,0.000000000000000000e+00,0.000000000000000000e+00,0.000000000000000000e+00
5.000000000000000000e+00,5.000000000000000000e+00,0.000000000000000000e+00,0.000000000000000000e+00,0.000000000000000000e+00,0.000000000000000000e+00,0.000000000000000000e+00,5.999999999999999778e-01
1.000000000000000000e+00,1.000000000000000000e+00,6.119791666666666435e-02,4.528645833333333481e-01,3.671874999999999445e-02,0.000000000000000000e+00,2.447916666666666644e-02,1.223958333333333322e-02
1.000000000000000000e+00,2.000000000000000000e+00,0.000000000000000000e+00,4.125000000000000333e-01,0.000000000000000000e+00,0.000000000000000000e+00,0.000000000000000000e+00,0.000000000000000000e+00
5.000000000000000000e+00,5.000000000000000000e+00,0.000000000000000000e+00,0.000000000000000000e+00,0.000000000000000000e+00,0.000000000000000000e+00,0.000000000000000000e+00,5.750000000000000666e-01
1.000000000000000000e+00,1.000000000000000000e+00,6.315104166666667129e-02,4.673177083333333592e-01,3.789062499999999722e-02,0.000000000000000000e+00,2.526041666666666713e-02,1.263020833333333356e-02
1.000000000000000000e+00,1.000000000000000000e+00,6.119791666666666435e-02,4.528645833333333481e-01,3.671874999999999445e-02,0.000000000000000000e+00,2.447916666666666644e-02,1.223958333333333322e-02
1.000000000000000000e+00,1.000000000000000000e+00,5.924479166666667129e-02,4.384114583333333925e-01,3.554687499999999861e-02,0.000000000000000000e+00,2.369791666666666921e-02,1.184895833333333461e-02
1.000000000000000000e+00,0.000000000000000000e+00,2.941176470588235600e-02,3.823529411764705621e-01,0.000000000000000000e+00,2.941176470588235600e-02,2.941176470588235600e-02,2.941176470588235600e-02
1.000000000000000000e+00,0.000000000000000000e+00,3.169934640522875657e-02,4.120915032679738355e-01,0.000000000000000000e+00,3.169934640522875657e-02,3.169934640522875657e-02,3.169934640522875657e-02
5.000000000000000000e+00,5.000000000000000000e+00,0.000000000000000000e+00,0.000000000000000000e+00,0.000000000000000000e+00,0.000000000000000000e+00,0.000000000000000000e+00,6.187500000000000222e-01
3.000000000000000000e+00,3.000000000000000000e+00,0.000000000000000000e+00,0.000000000000000000e+00,0.000000000000000000e+00,4.900000000000001021e-01,0.000000000000000000e+00,0.000000000000000000e+00
1.000000000000000000e+00,0.000000000000000000e+00,6.315104166666667129e-02,4.673177083333333592e-01,3.789062499999999722e-02,0.000000000000000000e+00,2.526041666666666713e-02,1.263020833333333356e-02
0.000000000000000000e+00,0.000000000000000000e+00,3.599253731343283746e-01,5.432835820895522833e-02,3.395522388059701857e-02,0.000000000000000000e+00,0.000000000000000000e+00,6.791044776119403541e-03
0.000000000000000000e+00,0.000000000000000000e+00,3.915671641791045321e-01,5.910447761194030647e-02,3.694029850746269328e-02,0.000000000000000000e+00,0.000000000000000000e+00,7.388059701492538309e-03
5.000000000000000000e+00,5.000000000000000000e+00,0.000000000000000000e+00,0.000000000000000000e+00,0.000000000000000000e+00,0.000000000000000000e+00,0.000000000000000000e+00,5.812499999999999334e-01
0.000000000000000000e+00,0.000000000000000000e+00,3.461538461538462008e-01,2.307692307692307820e-02,2.307692307692307820e-02,0.000000000000000000e+00,0.000000000000000000e+00,7.692307692307692735e-03
4.000000000000000000e+00,4.000000000000000000e+00,0.000000000000000000e+00,0.000000000000000000e+00,0.000000000000000000e+00,0.000000000000000000e+00,4.750000000000000888e-01,0.000000000000000000e+00
0.000000000000000000e+00,0.000000000000000000e+00,3.499999999999999778e-01,0.000000000000000000e+00,0.000000000000000000e+00,0.000000000000000000e+00,0.000000000000000000e+00,0.000000000000000000e+00
0.000000000000000000e+00,5.000000000000000000e+00,5.874999999999999112e-01,0.000000000000000000e+00,0.000000000000000000e+00,0.000000000000000000e+00,0.000000000000000000e+00,0.000000000000000000e+00
1.000000000000000000e+00,0.000000000000000000e+00,5.266203703703704192e-02,4.107638888888889839e-01,4.212962962962963492e-02,0.000000000000000000e+00,0.000000000000000000e+00,0.000000000000000000e+00
0.000000000000000000e+00,0.000000000000000000e+00,3.353365384615384914e-01,2.235576923076923114e-02,2.235576923076923114e-02,0.000000000000000000e+00,0.000000000000000000e+00,7.451923076923077337e-03
1.000000000000000000e+00,1.000000000000000000e+00,0.000000000000000000e+00,4.125000000000000333e-01,0.000000000000000000e+00,0.000000000000000000e+00,0.000000000000000000e+00,0.000000000000000000e+00
1.000000000000000000e+00,3.000000000000000000e+00,5.787037037037037757e-02,4.513888888888889506e-01,4.629629629629630067e-02,0.000000000000000000e+00,0.000000000000000000e+00,0.000000000000000000e+00
1.000000000000000000e+00,1.000000000000000000e+00,0.000000000000000000e+00,3.321428571428570731e-01,0.000000000000000000e+00,0.000000000000000000e+00,0.000000000000000000e+00,0.000000000000000000e+00
5.000000000000000000e+00,5.000000000000000000e+00,0.000000000000000000e+00,0.000000000000000000e+00,0.000000000000000000e+00,0.000000000000000000e+00,0.000000000000000000e+00,6.250000000000000000e-01
0.000000000000000000e+00,0.000000000000000000e+00,3.461538461538462008e-01,2.307692307692307820e-02,2.307692307692307820e-02,0.000000000000000000e+00,0.000000000000000000e+00,7.692307692307692735e-03
5.000000000000000000e+00,5.000000000000000000e+00,0.000000000000000000e+00,0.000000000000000000e+00,0.000000000000000000e+00,0.000000000000000000e+00,0.000000000000000000e+00,6.125000000000000444e-01
0.000000000000000000e+00,0.000000000000000000e+00,3.281250000000000555e-01,2.187500000000000208e-02,2.187500000000000208e-02,0.000000000000000000e+00,0.000000000000000000e+00,7.291666666666667650e-03
1.000000000000000000e+00,5.000000000000000000e+00,5.555555555555555941e-02,4.333333333333334036e-01,4.444444444444444614e-02,0.000000000000000000e+00,0.000000000000000000e+00,0.000000000000000000e+00
0.000000000000000000e+00,0.000000000000000000e+00,3.730769230769230282e-01,0.000000000000000000e+00,0.000000000000000000e+00,0.000000000000000000e+00,0.000000000000000000e+00,0.000000000000000000e+00
1.000000000000000000e+00,1.000000000000000000e+00,0.000000000000000000e+00,4.000000000000000222e-01,0.000000000000000000e+00,0.000000000000000000e+00,0.000000000000000000e+00,0.000000000000000000e+00
5.000000000000000000e+00,5.000000000000000000e+00,0.000000000000000000e+00,0.000000000000000000e+00,0.000000000000000000e+00,0.000000000000000000e+00,0.000000000000000000e+00,5.874999999999999112e-01
1.000000000000000000e+00,1.000000000000000000e+00,5.324074074074074819e-02,4.152777777777778567e-01,4.259259259259259855e-02,0.000000000000000000e+00,0.000000000000000000e+00,0.000000000000000000e+00
1.000000000000000000e+00,1.000000000000000000e+00,5.439814814814815380e-02,4.243055555555556024e-01,4.351851851851851888e-02,0.000000000000000000e+00,0.000000000000000000e+00,0.000000000000000000e+00
0.000000000000000000e+00,0.000000000000000000e+00,4.041666666666666741e-01,0.000000000000000000e+00,0.000000000000000000e+00,0.000000000000000000e+00,0.000000000000000000e+00,0.000000000000000000e+00
4.000000000000000000e+00,4.000000000000000000e+00,0.000000000000000000e+00,0.000000000000000000e+00,0.000000000000000000e+00,0.000000000000000000e+00,4.800000000000000933e-01,0.000000000000000000e+00
1.000000000000000000e+00,1.000000000000000000e+00,5.208333333333334259e-02,4.062500000000000555e-01,4.166666666666667129e-02,0.000000000000000000e+00,0.000000000000000000e+00,0.000000000000000000e+00
0.000000000000000000e+00,0.000000000000000000e+00,3.653731343283582178e-01,7.164179104477612359e-02,2.865671641791044805e-02,0.000000000000000000e+00,7.164179104477612012e-03,7.164179104477612012e-03
0.000000000000000000e+00,0.000000000000000000e+00,3.501492537313433129e-01,6.865671641791046276e-02,2.746268656716418372e-02,0.000000000000000000e+00,6.865671641791045929e-03,6.865671641791045929e-03
1.000000000000000000e+00,1.000000000000000000e+00,6.648936170212767227e-02,4.920212765957447387e-01,5.319148936170212810e-02,0.000000000000000000e+00,1.329787234042553203e-02,0.000000000000000000e+00
1.000000000000000000e+00,0.000000000000000000e+00,0.000000000000000000e+00,4.363636363636363980e-01,0.000000000000000000e+00,0.000000000000000000e+00,0.000000000000000000e+00,0.000000000000000000e+00
0.000000000000000000e+00,0.000000000000000000e+00,3.767910447761194659e-01,7.388059701492538656e-02,2.955223880597015323e-02,0.000000000000000000e+00,7.388059701492538309e-03,7.388059701492538309e-03
1.000000000000000000e+00,1.000000000000000000e+00,5.984042553191490366e-02,4.428191489361702482e-01,4.787234042553191460e-02,0.000000000000000000e+00,1.196808510638297865e-02,0.000000000000000000e+00
0.000000000000000000e+00,0.000000000000000000e+00,3.767910447761194659e-01,7.388059701492538656e-02,2.955223880597015323e-02,0.000000000000000000e+00,7.388059701492538309e-03,7.388059701492538309e-03
1.000000000000000000e+00,1.000000000000000000e+00,0.000000000000000000e+00,4.700000000000000844e-01,0.000000000000000000e+00,0.000000000000000000e+00,0.000000000000000000e+00,0.000000000000000000e+00
0.000000000000000000e+00,0.000000000000000000e+00,3.615671641791045055e-01,7.089552238805971185e-02,2.835820895522388196e-02,0.000000000000000000e+00,7.089552238805970491e-03,7.089552238805970491e-03
1.000000000000000000e+00,1.000000000000000000e+00,6.382978723404256205e-02,4.723404255319149092e-01,5.106382978723403993e-02,0.000000000000000000e+00,1.276595744680850998e-02,0.000000000000000000e+00
0.000000000000000000e+00,0.000000000000000000e+00,3.653731343283582178e-01,7.164179104477612359e-02,2.865671641791044805e-02,0.000000000000000000e+00,7.164179104477612012e-03,7.164179104477612012e-03
5.000000000000000000e+00,5.000000000000000000e+00,0.000000000000000000e+00,0.000000000000000000e+00,0.000000000000000000e+00,0.000000000000000000e+00,0.000000000000000000e+00,5.812499999999999334e-01
0.000000000000000000e+00,0.000000000000000000e+00,3.653731343283582178e-01,7.164179104477612359e-02,2.865671641791044805e-02,0.000000000000000000e+00,7.164179104477612012e-03,7.164179104477612012e-03
1.000000000000000000e+00,0.000000000000000000e+00,6.382978723404256205e-02,4.723404255319149092e-01,5.106382978723403993e-02,0.000000000000000000e+00,1.276595744680850998e-02,0.000000000000000000e+00
1.000000000000000000e+00,5.000000000000000000e+00,0.000000000000000000e+00,6.250000000000000000e-01,0.000000000000000000e+00,0.000000000000000000e+00,0.000000000000000000e+00,0.000000000000000000e+00
1.000000000000000000e+00,1.000000000000000000e+00,0.000000000000000000e+00,6.250000000000000000e-01,0.000000000000000000e+00,0.000000000000000000e+00,0.000000000000000000e+00,0.000000000000000000e+00
1.000000000000000000e+00,5.000000000000000000e+00,0.000000000000000000e+00,5.937500000000000000e-01,0.000000000000000000e+00,0.000000000000000000e+00,0.000000000000000000e+00,0.000000000000000000e+00
0.000000000000000000e+00,0.000000000000000000e+00,3.805970149253731782e-01,7.462686567164179829e-02,2.985074626865671932e-02,0.000000000000000000e+00,7.462686567164179829e-03,7.462686567164179829e-03
0.000000000000000000e+00,2.000000000000000000e+00,3.729850746268656980e-01,7.313432835820896094e-02,2.925373134328358368e-02,0.000000000000000000e+00,7.313432835820895921e-03,7.313432835820895921e-03
1.000000000000000000e+00,1.000000000000000000e+00,6.449468085106384307e-02,4.772606382978724082e-01,5.159574468085106197e-02,0.000000000000000000e+00,1.289893617021276549e-02,0.000000000000000000e+00
1.000000000000000000e+00,2.000000000000000000e+00,0.000000000000000000e+00,4.363636363636363980e-01,0.000000000000000000e+00,0.000000000000000000e+00,0.000000000000000000e+00,0.000000000000000000e+00
0.000000000000000000e+00,1.000000000000000000e+00,3.615671641791045055e-01,7.089552238805971185e-02,2.835820895522388196e-02,0.000000000000000000e+00,7.089552238805970491e-03,7.089552238805970491e-03
0.000000000000000000e+00,0.000000000000000000e+00,3.547814207650273333e-01,2.677595628415300674e-02,2.008196721311475419e-02,0.000000000000000000e+00,0.000000000000000000e+00,6.693989071038251686e-03
1.000000000000000000e+00,1.000000000000000000e+00,8.152173913043478382e-02,4.891304347826087584e-01,4.076086956521739191e-02,0.000000000000000000e+00,1.358695652173913179e-02,0.000000000000000000e+00
1.000000000000000000e+00,1.000000000000000000e+00,7.336956521739131099e-02,4.402173913043478937e-01,3.668478260869565549e-02,0.000000000000000000e+00,1.222826086956521965e-02,0.000000000000000000e+00
5.000000000000000000e+00,5.000000000000000000e+00,0.000000000000000000e+00,0.000000000000000000e+00,0.000000000000000000e+00,0.000000000000000000e+00,0.000000000000000000e+00,6.714285714285713746e-01
1.000000000000000000e+00,1.000000000000000000e+00,7.336956521739131099e-02,4.402173913043478937e-01,3.668478260869565549e-02,0.000000000000000000e+00,1.222826086956521965e-02,0.000000000000000000e+00
1.000000000000000000e+00,1.000000000000000000e+00,7.826086956521738358e-02,4.695652173913044125e-01,3.913043478260869179e-02,0.000000000000000000e+00,1.304347826086956624e-02,0.000000000000000000e+00
0.000000000000000000e+00,0.000000000000000000e+00,3.620218579234972811e-01,2.732240437158470203e-02,2.049180327868852652e-02,0.000000000000000000e+00,0.000000000000000000e+00,6.830601092896175508e-03
1.000000000000000000e+00,1.000000000000000000e+00,0.000000000000000000e+00,5.388888888888888618e-01,0.000000000000000000e+00,0.000000000000000000e+00,0.000000000000000000e+00,0.000000000000000000e+00
0.000000000000000000e+00,0.000000000000000000e+00,3.294398907103825436e-01,2.486338797814207843e-02,1.864754098360656143e-02,0.000000000000000000e+00,0.000000000000000000e+00,6.215846994535519608e-03
0.000000000000000000e+00,1.000000000000000000e+00,3.294398907103825436e-01,2.486338797814207843e-02,1.864754098360656143e-02,0.000000000000000000e+00,0.000000000000000000e+00,6.215846994535519608e-03
1.000000000000000000e+00,1.000000000000000000e+00,0.000000000000000000e+00,5.166666666666666075e-01,0.000000000000000000e+00,0.000000000000000000e+00,0.000000000000000000e+00,0.000000000000000000e+00
3.000000000000000000e+00,1.000000000000000000e+00,0.000000000000000000e+00,0.000000000000000000e+00,0.000000000000000000e+00,5.277777777777777901e-01,0.000000000000000000e+00,0.000000000000000000e+00
5.000000000000000000e+00,5.000000000000000000e+00,0.000000000000000000e+00,0.000000000000000000e+00,0.000000000000000000e+00,0.000000000000000000e+00,0.000000000000000000e+00,6.714285714285713746e-01
0.000000000000000000e+00,1.000000000000000000e+00,3.366803278688524359e-01,2.540983606557377025e-02,1.905737704918032682e-02,0.000000000000000000e+00,0.000000000000000000e+00,6.352459016393442563e-03
1.000000000000000000e+00,5.000000000000000000e+00,0.000000000000000000e+00,3.769230769230768607e-01,0.000000000000000000e+00,0.000000000000000000e+00,0.000000000000000000e+00,0.000000000000000000e+00
1.000000000000000000e+00,1.000000000000000000e+00,7.663043478260869734e-02,4.597826086956521840e-01,3.831521739130434867e-02,0.000000000000000000e+00,1.277173913043478347e-02,0.000000000000000000e+00
1.000000000000000000e+00,2.000000000000000000e+00,7.744565217391304046e-02,4.646739130434783260e-01,3.872282608695652023e-02,0.000000000000000000e+00,1.290760869565217399e-02,0.000000000000000000e+00
1.000000000000000000e+00,1.000000000000000000e+00,0.000000000000000000e+00,4.409090909090909172e-01,0.000000000000000000e+00,0.000000000000000000e+00,0.000000000000000000e+00,0.000000000000000000e+00
0.000000000000000000e+00,1.000000000000000000e+00,3.403005464480874376e-01,2.568306010928961963e-02,1.926229508196721299e-02,0.000000000000000000e+00,0.000000000000000000e+00,6.420765027322404908e-03
1.000000000000000000e+00,4.000000000000000000e+00,0.000000000000000000e+00,5.388888888888888618e-01,0.000000000000000000e+00,0.000000000000000000e+00,0.000000000000000000e+00,0.000000000000000000e+00
3.000000000000000000e+00,3.000000000000000000e+00,0.000000000000000000e+00,0.000000000000000000e+00,0.000000000000000000e+00,5.000000000000000000e-01,0.000000000000000000e+00,0.000000000000000000e+00
5.000000000000000000e+00,0.000000000000000000e+00,0.000000000000000000e+00,0.000000000000000000e+00,0.000000000000000000e+00,0.000000000000000000e+00,0.000000000000000000e+00,6.785714285714286031e-01
1.000000000000000000e+00,0.000000000000000000e+00,6.825000000000000511e-02,4.436250000000000471e-01,4.550000000000000572e-02,0.000000000000000000e+00,1.137500000000000143e-02,0.000000000000000000e+00
0.000000000000000000e+00,1.000000000000000000e+00,3.902678571428571663e-01,4.982142857142857206e-02,1.660714285714285851e-02,0.000000000000000000e+00,8.303571428571429255e-03,0.000000000000000000e+00
1.000000000000000000e+00,1.000000000000000000e+00,7.049999999999999323e-02,4.582499999999999907e-01,4.700000000000000011e-02,0.000000000000000000e+00,1.175000000000000003e-02,0.000000000000000000e+00
0.000000000000000000e+00,0.000000000000000000e+00,4.196428571428572063e-01,5.357142857142857539e-02,1.785714285714285962e-02,0.000000000000000000e+00,8.928571428571429811e-03,0.000000000000000000e+00
0.000000000000000000e+00,0.000000000000000000e+00,4.154464285714286054e-01,5.303571428571429019e-02,1.767857142857143238e-02,0.000000000000000000e+00,8.839285714285716189e-03,0.000000000000000000e+00
0.000000000000000000e+00,4.000000000000000000e+00,4.550000000000001266e-01,0.000000000000000000e+00,0.000000000000000000e+00,0.000000000000000000e+00,0.000000000000000000e+00,0.000000000000000000e+00
0.000000000000000000e+00,0.000000000000000000e+00,4.196428571428572063e-01,5.357142857142857539e-02,1.785714285714285962e-02,0.000000000000000000e+00,8.928571428571429811e-03,0.000000000000000000e+00
0.000000000000000000e+00,2.000000000000000000e+00,3.818750000000000755e-01,4.875000000000000860e-02,1.625000000000000402e-02,0.000000000000000000e+00,8.125000000000002012e-03,0.000000000000000000e+00
0.000000000000000000e+00,0.000000000000000000e+00,4.196428571428572063e-01,5.357142857142857539e-02,1.785714285714285962e-02,0.000000000000000000e+00,8.928571428571429811e-03,0.000000000000000000e+00
2.000000000000000000e+00,2.000000000000000000e+00,0.000000000000000000e+00,0.000000000000000000e+00,4.454545454545454919e-01,0.000000000000000000e+00,0.000000000000000000e+00,0.000000000000000000e+00
5.000000000000000000e+00,5.000000000000000000e+00,0.000000000000000000e+00,0.000000000000000000e+00,0.000000000000000000e+00,0.000000000000000000e+00,0.000000000000000000e+00,5.999999999999999778e-01
0.000000000000000000e+00,0.000000000000000000e+00,3.054545454545454231e-01,0.000000000000000000e+00,1.309090909090909194e-01,0.000000000000000000e+00,0.000000000000000000e+00,0.000000000000000000e+00
1.000000000000000000e+00,1.000000000000000000e+00,7.424999999999999656e-02,4.826250000000000262e-01,4.950000000000000233e-02,0.000000000000000000e+00,1.237500000000000058e-02,0.000000000000000000e+00
5.000000000000000000e+00,5.000000000000000000e+00,0.000000000000000000e+00,0.000000000000000000e+00,0.000000000000000000e+00,0.000000000000000000e+00,0.000000000000000000e+00,5.812499999999999334e-01
1.000000000000000000e+00,1.000000000000000000e+00,7.124999999999999389e-02,4.631250000000000089e-01,4.750000000000000056e-02,0.000000000000000000e+00,1.187500000000000014e-02,0.000000000000000000e+00
0.000000000000000000e+00,5.000000000000000000e+00,3.902678571428571663e-01,4.982142857142857206e-02,1.660714285714285851e-02,0.000000000000000000e+00,8.303571428571429255e-03,0.000000000000000000e+00
