0.000000000000000000e+00,0.000000000000000000e+00,7.440251572327044594e-01,1.430817610062893111e-02
1.000000000000000000e+00,1.000000000000000000e+00,2.895522388059701760e-02,5.772947761194029415e-01
1.000000000000000000e+00,1.000000000000000000e+00,2.835820895522388196e-02,5.653917910447761042e-01
1.000000000000000000e+00,1.000000000000000000e+00,2.716417910447761416e-02,5.415858208955224296e-01
1.000000000000000000e+00,1.000000000000000000e+00,2.686567164179104808e-02,5.356343283582090109e-01
0.000000000000000000e+00,0.000000000000000000e+00,5.999999999999999778e-01,0.000000000000000000e+00
1.000000000000000000e+00,1.000000000000000000e+00,2.895522388059701760e-02,5.772947761194029415e-01
1.000000000000000000e+00,1.000000000000000000e+00,2.895522388059701760e-02,5.772947761194029415e-01
0.000000000000000000e+00,0.000000000000000000e+00,6.125000000000000444e-01,0.000000000000000000e+00
1.000000000000000000e+00,1.000000000000000000e+00,2.955223880597015323e-02,5.891977611940298898e-01
0.000000000000000000e+00,1.000000000000000000e+00,7.767295597484277225e-01,1.493710691823899213e-02
1.000000000000000000e+00,0.000000000000000000e+00,2.805970149253731588e-02,5.594402985074626855e-01
1.000000000000000000e+00,1.000000000000000000e+00,2.955223880597015323e-02,5.891977611940298898e-01
0.000000000000000000e+00,0.000000000000000000e+00,7.849056603773585383e-01,1.509433962264150955e-02
1.000000000000000000e+00,1.000000000000000000e+00,2.835820895522388196e-02,5.653917910447761042e-01
0.000000000000000000e+00,0.000000000000000000e+00,7.849056603773585383e-01,1.509433962264150955e-02
0.000000000000000000e+00,0.000000000000000000e+00,5.812499999999999334e-01,0.000000000000000000e+00
1.000000000000000000e+00,0.000000000000000000e+00,2.776119402985074633e-02,5.534888059701492669e-01
1.000000000000000000e+00,1.000000000000000000e+00,2.716417910447761416e-02,5.415858208955224296e-01
1.000000000000000000e+00,1.000000000000000000e+00,2.746268656716418372e-02,5.475373134328358482e-01
0.000000000000000000e+00,0.000000000000000000e+00,6.125000000000000444e-01,0.000000000000000000e+00
1.000000000000000000e+00,1.000000000000000000e+00,2.746268656716418372e-02,5.475373134328358482e-01
0.000000000000000000e+00,0.000000000000000000e+00,7.685534591194967957e-01,1.477987421383647644e-02
0.000000000000000000e+00,0.000000000000000000e+00,8.094339622641509857e-01,1.556603773584905662e-02
0.000000000000000000e+00,0.000000000000000000e+00,7.358490566037736436e-01,1.415094339622641542e-02
1.000000000000000000e+00,1.000000000000000000e+00,2.955223880597015323e-02,5.891977611940298898e-01
1.000000000000000000e+00,1.000000000000000000e+00,2.865671641791044805e-02,5.713432835820895228e-01
1.000000000000000000e+00,1.000000000000000000e+00,2.985074626865671932e-02,5.951492537313433084e-01
0.000000000000000000e+00,0.000000000000000000e+00,5.937500000000000000e-01,0.000000000000000000e+00
0.000000000000000000e+00,0.000000000000000000e+00,7.358490566037736436e-01,1.415094339622641542e-02
1.000000000000000000e+00,1.000000000000000000e+00,2.776119402985074633e-02,5.534888059701492669e-01
0.000000000000000000e+00,0.000000000000000000e+00,7.849056603773585383e-01,1.509433962264150955e-02
1.000000000000000000e+00,1.000000000000000000e+00,2.895522388059701760e-02,5.772947761194029415e-01
0.000000000000000000e+00,1.000000000000000000e+00,8.176100628930818015e-01,1.572327044025157231e-02
1.000000000000000000e+00,1.000000000000000000e+00,2.686567164179104808e-02,5.356343283582090109e-01
1.000000000000000000e+00,1.000000000000000000e+00,2.865671641791044805e-02,5.713432835820895228e-01
1.000000000000000000e+00,0.000000000000000000e+00,2.716417910447761416e-02,5.415858208955224296e-01
0.000000000000000000e+00,0.000000000000000000e+00,7.358490566037736436e-01,1.415094339622641542e-02
1.000000000000000000e+00,1.000000000000000000e+00,2.776119402985074633e-02,5.534888059701492669e-01
0.000000000000000000e+00,0.000000000000000000e+00,7.603773584905659799e-01,1.462264150943396075e-02
1.000000000000000000e+00,1.000000000000000000e+00,2.955223880597015323e-02,5.891977611940298898e-01
1.000000000000000000e+00,1.000000000000000000e+00,2.955223880597015323e-02,5.891977611940298898e-01
0.000000000000000000e+00,0.000000000000000000e+00,7.522012578616352751e-01,1.446540880503144680e-02
1.000000000000000000e+00,1.000000000000000000e+00,2.955223880597015323e-02,5.891977611940298898e-01
1.000000000000000000e+00,1.000000000000000000e+00,2.716417910447761416e-02,5.415858208955224296e-01
0.000000000000000000e+00,0.000000000000000000e+00,7.849056603773585383e-01,1.509433962264150955e-02
0.000000000000000000e+00,0.000000000000000000e+00,7.603773584905659799e-01,1.462264150943396075e-02
1.000000000000000000e+00,0.000000000000000000e+00,2.865671641791044805e-02,5.713432835820895228e-01
0.000000000000000000e+00,0.000000000000000000e+00,7.849056603773585383e-01,1.509433962264150955e-02
1.000000000000000000e+00,1.000000000000000000e+00,2.835820895522388196e-02,5.653917910447761042e-01
1.000000000000000000e+00,1.000000000000000000e+00,2.865671641791044805e-02,5.713432835820895228e-01
1.000000000000000000e+00,1.000000000000000000e+00,2.895522388059701760e-02,5.772947761194029415e-01
1.000000000000000000e+00,1.000000000000000000e+00,2.955223880597015323e-02,5.891977611940298898e-01
1.000000000000000000e+00,1.000000000000000000e+00,2.865671641791044805e-02,5.713432835820895228e-01
1.000000000000000000e+00,1.000000000000000000e+00,2.985074626865671932e-02,5.951492537313433084e-01
1.000000000000000000e+00,1.000000000000000000e+00,2.925373134328358368e-02,5.832462686567164711e-01
0.000000000000000000e+00,0.000000000000000000e+00,7.930817610062893541e-01,1.525157232704402524e-02
1.000000000000000000e+00,1.000000000000000000e+00,2.252072968490878915e-02,5.163681592039801593e-01
1.000000000000000000e+00,1.000000000000000000e+00,2.159203980099502415e-02,4.950746268656716076e-01
1.000000000000000000e+00,0.000000000000000000e+00,2.298507462686567165e-02,5.270149253731343242e-01
0.000000000000000000e+00,0.000000000000000000e+00,7.142857142857143016e-01,0.000000000000000000e+00
1.000000000000000000e+00,0.000000000000000000e+00,0.000000000000000000e+00,6.857142857142857206e-01
1.000000000000000000e+00,1.000000000000000000e+00,2.135986733001658811e-02,4.897512437810945807e-01
0.000000000000000000e+00,1.000000000000000000e+00,5.111111111111111827e-01,0.000000000000000000e+00
0.000000000000000000e+00,0.000000000000000000e+00,6.999999999999999556e-01,0.000000000000000000e+00
0.000000000000000000e+00,0.000000000000000000e+00,6.500000000000000222e-01,0.000000000000000000e+00
1.000000000000000000e+00,1.000000000000000000e+00,2.182421227197346714e-02,5.003980099502487455e-01
1.000000000000000000e+00,1.000000000000000000e+00,2.252072968490878915e-02,5.163681592039801593e-01
0.000000000000000000e+00,0.000000000000000000e+00,6.250000000000000000e-01,0.000000000000000000e+00
1.000000000000000000e+00,1.000000000000000000e+00,2.275290215588723214e-02,5.216915422885571862e-01
1.000000000000000000e+00,1.000000000000000000e+00,2.112769485903814512e-02,4.844278606965174427e-01
1.000000000000000000e+00,1.000000000000000000e+00,2.089552238805970213e-02,4.791044776119403048e-01
1.000000000000000000e+00,1.000000000000000000e+00,2.205638474295190665e-02,5.057213930348258835e-01
1.000000000000000000e+00,1.000000000000000000e+00,2.159203980099502415e-02,4.950746268656716076e-01
0.000000000000000000e+00,0.000000000000000000e+00,6.999999999999999556e-01,0.000000000000000000e+00
0.000000000000000000e+00,0.000000000000000000e+00,6.999999999999999556e-01,0.000000000000000000e+00
1.000000000000000000e+00,1.000000000000000000e+00,2.182421227197346714e-02,5.003980099502487455e-01
1.000000000000000000e+00,1.000000000000000000e+00,2.135986733001658811e-02,4.897512437810945807e-01
1.000000000000000000e+00,1.000000000000000000e+00,2.159203980099502415e-02,4.950746268656716076e-01
0.000000000000000000e+00,0.000000000000000000e+00,6.571428571428571397e-01,0.000000000000000000e+00
1.000000000000000000e+00,1.000000000000000000e+00,2.112769485903814512e-02,4.844278606965174427e-01
0.000000000000000000e+00,1.000000000000000000e+00,6.571428571428571397e-01,0.000000000000000000e+00
0.000000000000000000e+00,0.000000000000000000e+00,7.071428571428571841e-01,0.000000000000000000e+00
0.000000000000000000e+00,0.000000000000000000e+00,6.857142857142857206e-01,0.000000000000000000e+00
1.000000000000000000e+00,1.000000000000000000e+00,2.252072968490878915e-02,5.163681592039801593e-01
0.000000000000000000e+00,0.000000000000000000e+00,6.642857142857142572e-01,0.000000000000000000e+00
1.000000000000000000e+00,1.000000000000000000e+00,2.252072968490878915e-02,5.163681592039801593e-01
1.000000000000000000e+00,1.000000000000000000e+00,2.135986733001658811e-02,4.897512437810945807e-01
1.000000000000000000e+00,1.000000000000000000e+00,2.089552238805970213e-02,4.791044776119403048e-01
0.000000000000000000e+00,0.000000000000000000e+00,6.500000000000000222e-01,0.000000000000000000e+00
0.000000000000000000e+00,0.000000000000000000e+00,6.062499999999999556e-01,0.000000000000000000e+00
0.000000000000000000e+00,0.000000000000000000e+00,6.857142857142857206e-01,0.000000000000000000e+00
0.000000000000000000e+00,0.000000000000000000e+00,5.625000000000000000e-01,0.000000000000000000e+00
1.000000000000000000e+00,1.000000000000000000e+00,2.298507462686567165e-02,5.270149253731343242e-01
0.000000000000000000e+00,0.000000000000000000e+00,6.857142857142857206e-01,0.000000000000000000e+00
0.000000000000000000e+00,1.000000000000000000e+00,5.874999999999999112e-01,0.000000000000000000e+00
0.000000000000000000e+00,0.000000000000000000e+00,6.714285714285713746e-01,0.000000000000000000e+00
0.000000000000000000e+00,0.000000000000000000e+00,6.999999999999999556e-01,0.000000000000000000e+00
1.000000000000000000e+00,1.000000000000000000e+00,2.112769485903814512e-02,4.844278606965174427e-01
0.000000000000000000e+00,0.000000000000000000e+00,6.571428571428571397e-01,0.000000000000000000e+00
0.000000000000000000e+00,0.000000000000000000e+00,6.928571428571428381e-01,0.000000000000000000e+00
1.000000000000000000e+00,1.000000000000000000e+00,2.298507462686567165e-02,5.270149253731343242e-01
0.000000000000000000e+00,0.000000000000000000e+00,6.857142857142857206e-01,0.000000000000000000e+00
0.000000000000000000e+00,0.000000000000000000e+00,6.785714285714286031e-01,0.000000000000000000e+00
1.000000000000000000e+00,1.000000000000000000e+00,2.321724709784411464e-02,5.323383084577114621e-01
1.000000000000000000e+00,1.000000000000000000e+00,2.112769485903814512e-02,4.844278606965174427e-01
0.000000000000000000e+00,0.000000000000000000e+00,6.999999999999999556e-01,0.000000000000000000e+00
1.000000000000000000e+00,1.000000000000000000e+00,2.228855721393034964e-02,5.110447761194030214e-01
0.000000000000000000e+00,0.000000000000000000e+00,7.142857142857143016e-01,0.000000000000000000e+00
1.000000000000000000e+00,1.000000000000000000e+00,2.298507462686567165e-02,5.270149253731343242e-01
1.000000000000000000e+00,1.000000000000000000e+00,2.159203980099502415e-02,4.950746268656716076e-01
1.000000000000000000e+00,1.000000000000000000e+00,2.298507462686567165e-02,5.270149253731343242e-01
1.000000000000000000e+00,0.000000000000000000e+00,2.089552238805970213e-02,4.791044776119403048e-01
0.000000000000000000e+00,0.000000000000000000e+00,6.500000000000000222e-01,0.000000000000000000e+00
1.000000000000000000e+00,1.000000000000000000e+00,1.236193712829226909e-02,4.285471537807986619e-01
1.000000000000000000e+00,1.000000000000000000e+00,1.210705182667799577e-02,4.197111299915038396e-01
1.000000000000000000e+00,1.000000000000000000e+00,1.274426508071367994e-02,4.418011894647408955e-01
1.000000000000000000e+00,1.000000000000000000e+00,1.197960917587085825e-02,4.152931180968564284e-01
1.000000000000000000e+00,0.000000000000000000e+00,1.146983857264231160e-02,3.976210705182668392e-01
0.000000000000000000e+00,0.000000000000000000e+00,6.428571428571429047e-01,0.000000000000000000e+00
1.000000000000000000e+00,1.000000000000000000e+00,1.197960917587085825e-02,4.152931180968564284e-01
1.000000000000000000e+00,1.000000000000000000e+00,1.146983857264231160e-02,3.976210705182668392e-01
0.000000000000000000e+00,0.000000000000000000e+00,6.428571428571429047e-01,0.000000000000000000e+00
1.000000000000000000e+00,1.000000000000000000e+00,1.261682242990654242e-02,4.373831775700934843e-01
1.000000000000000000e+00,1.000000000000000000e+00,1.261682242990654242e-02,4.373831775700934843e-01
1.000000000000000000e+00,1.000000000000000000e+00,1.159728122344944913e-02,4.020390824129142504e-01
1.000000000000000000e+00,0.000000000000000000e+00,0.000000000000000000e+00,6.187500000000000222e-01
0.000000000000000000e+00,0.000000000000000000e+00,6.857142857142857206e-01,0.000000000000000000e+00
1.000000000000000000e+00,1.000000000000000000e+00,1.172472387425658666e-02,4.064570943075616616e-01
1.000000000000000000e+00,1.000000000000000000e+00,1.185216652506372072e-02,4.108751062022090172e-01
1.000000000000000000e+00,1.000000000000000000e+00,1.261682242990654242e-02,4.373831775700934843e-01
0.000000000000000000e+00,0.000000000000000000e+00,7.071428571428571841e-01,0.000000000000000000e+00
0.000000000000000000e+00,0.000000000000000000e+00,6.428571428571429047e-01,0.000000000000000000e+00
1.000000000000000000e+00,1.000000000000000000e+00,1.236193712829226909e-02,4.285471537807986619e-01
0.000000000000000000e+00,0.000000000000000000e+00,6.428571428571429047e-01,0.000000000000000000e+00
0.000000000000000000e+00,0.000000000000000000e+00,6.714285714285713746e-01,0.000000000000000000e+00
0.000000000000000000e+00,0.000000000000000000e+00,5.444444444444445086e-01,0.000000000000000000e+00
1.000000000000000000e+00,1.000000000000000000e+00,0.000000000000000000e+00,4.900000000000001021e-01
0.000000000000000000e+00,0.000000000000000000e+00,6.928571428571428381e-01,0.000000000000000000e+00
0.000000000000000000e+00,0.000000000000000000e+00,6.714285714285713746e-01,0.000000000000000000e+00
1.000000000000000000e+00,1.000000000000000000e+00,1.274426508071367994e-02,4.418011894647408955e-01
1.000000000000000000e+00,1.000000000000000000e+00,1.172472387425658666e-02,4.064570943075616616e-01
1.000000000000000000e+00,1.000000000000000000e+00,1.159728122344944913e-02,4.020390824129142504e-01
0.000000000000000000e+00,0.000000000000000000e+00,6.928571428571428381e-01,0.000000000000000000e+00
0.000000000000000000e+00,0.000000000000000000e+00,6.857142857142857206e-01,0.000000000000000000e+00
0.000000000000000000e+00,1.000000000000000000e+00,4.750000000000000888e-01,0.000000000000000000e+00
1.000000000000000000e+00,1.000000000000000000e+00,1.274426508071367994e-02,4.418011894647408955e-01
1.000000000000000000e+00,1.000000000000000000e+00,1.197960917587085825e-02,4.152931180968564284e-01
0.000000000000000000e+00,0.000000000000000000e+00,6.500000000000000222e-01,0.000000000000000000e+00
0.000000000000000000e+00,0.000000000000000000e+00,6.125000000000000444e-01,0.000000000000000000e+00
0.000000000000000000e+00,0.000000000000000000e+00,6.999999999999999556e-01,0.000000000000000000e+00
1.000000000000000000e+00,1.000000000000000000e+00,1.223449447748513157e-02,4.241291418861512508e-01
1.000000000000000000e+00,1.000000000000000000e+00,1.223449447748513157e-02,4.241291418861512508e-01
1.000000000000000000e+00,1.000000000000000000e+00,1.274426508071367994e-02,4.418011894647408955e-01
1.000000000000000000e+00,1.000000000000000000e+00,1.248937977909940662e-02,4.329651656754460731e-01
1.000000000000000000e+00,1.000000000000000000e+00,1.172472387425658666e-02,4.064570943075616616e-01
1.000000000000000000e+00,0.000000000000000000e+00,1.261682242990654242e-02,4.373831775700934843e-01
1.000000000000000000e+00,1.000000000000000000e+00,1.197960917587085825e-02,4.152931180968564284e-01
0.000000000000000000e+00,0.000000000000000000e+00,6.928571428571428381e-01,0.000000000000000000e+00
0.000000000000000000e+00,0.000000000000000000e+00,7.142857142857143016e-01,0.000000000000000000e+00
1.000000000000000000e+00,1.000000000000000000e+00,1.261682242990654242e-02,4.373831775700934843e-01
0.000000000000000000e+00,0.000000000000000000e+00,6.571428571428571397e-01,0.000000000000000000e+00
1.000000000000000000e+00,1.000000000000000000e+00,1.223449447748513157e-02,4.241291418861512508e-01
0.000000000000000000e+00,0.000000000000000000e+00,6.928571428571428381e-01,0.000000000000000000e+00
1.000000000000000000e+00,1.000000000000000000e+00,1.172472387425658666e-02,4.064570943075616616e-01
0.000000000000000000e+00,0.000000000000000000e+00,6.500000000000000222e-01,0.000000000000000000e+00
0.000000000000000000e+00,0.000000000000000000e+00,6.714285714285713746e-01,0.000000000000000000e+00
0.000000000000000000e+00,1.000000000000000000e+00,4.800000000000000933e-01,0.000000000000000000e+00
1.000000000000000000e+00,1.000000000000000000e+00,1.248937977909940662e-02,4.329651656754460731e-01
1.000000000000000000e+00,1.000000000000000000e+00,1.236193712829226909e-02,4.285471537807986619e-01
0.000000000000000000e+00,0.000000000000000000e+00,5.812499999999999334e-01,0.000000000000000000e+00
0.000000000000000000e+00,0.000000000000000000e+00,6.571428571428571397e-01,0.000000000000000000e+00
0.000000000000000000e+00,0.000000000000000000e+00,6.785714285714286031e-01,0.000000000000000000e+00
1.000000000000000000e+00,1.000000000000000000e+00,3.125000000000000694e-02,5.937500000000000000e-01
1.000000000000000000e+00,1.000000000000000000e+00,2.812500000000000763e-02,5.343750000000000444e-01
0.000000000000000000e+00,0.000000000000000000e+00,6.785714285714286031e-01,0.000000000000000000e+00
1.000000000000000000e+00,1.000000000000000000e+00,2.843750000000000791e-02,5.403124999999999734e-01
1.000000000000000000e+00,1.000000000000000000e+00,2.968750000000000555e-02,5.640625000000000222e-01
1.000000000000000000e+00,1.000000000000000000e+00,2.906250000000000500e-02,5.521874999999999423e-01
1.000000000000000000e+00,1.000000000000000000e+00,2.968750000000000555e-02,5.640625000000000222e-01
1.000000000000000000e+00,1.000000000000000000e+00,3.031250000000000611e-02,5.759374999999999911e-01
0.000000000000000000e+00,0.000000000000000000e+00,6.571428571428571397e-01,0.000000000000000000e+00
0.000000000000000000e+00,0.000000000000000000e+00,7.071428571428571841e-01,0.000000000000000000e+00
1.000000000000000000e+00,1.000000000000000000e+00,3.093750000000000666e-02,5.878124999999999600e-01
1.000000000000000000e+00,1.000000000000000000e+00,2.812500000000000763e-02,5.343750000000000444e-01
1.000000000000000000e+00,1.000000000000000000e+00,2.875000000000000819e-02,5.462500000000000133e-01
0.000000000000000000e+00,0.000000000000000000e+00,6.642857142857142572e-01,0.000000000000000000e+00
0.000000000000000000e+00,0.000000000000000000e+00,5.687499999999999778e-01,0.000000000000000000e+00
1.000000000000000000e+00,1.000000000000000000e+00,3.125000000000000694e-02,5.937500000000000000e-01
1.000000000000000000e+00,1.000000000000000000e+00,3.125000000000000694e-02,5.937500000000000000e-01
1.000000000000000000e+00,1.000000000000000000e+00,2.937500000000000527e-02,5.581249999999999822e-01
1.000000000000000000e+00,1.000000000000000000e+00,2.937500000000000527e-02,5.581249999999999822e-01
1.000000000000000000e+00,1.000000000000000000e+00,2.843750000000000791e-02,5.403124999999999734e-01
1.000000000000000000e+00,1.000000000000000000e+00,3.125000000000000694e-02,5.937500000000000000e-01
1.000000000000000000e+00,1.000000000000000000e+00,3.093750000000000666e-02,5.878124999999999600e-01
0.000000000000000000e+00,0.000000000000000000e+00,6.571428571428571397e-01,0.000000000000000000e+00
1.000000000000000000e+00,1.000000000000000000e+00,2.812500000000000763e-02,5.343750000000000444e-01
1.000000000000000000e+00,1.000000000000000000e+00,3.031250000000000611e-02,5.759374999999999911e-01
0.000000000000000000e+00,0.000000000000000000e+00,6.999999999999999556e-01,0.000000000000000000e+00
1.000000000000000000e+00,1.000000000000000000e+00,3.031250000000000611e-02,5.759374999999999911e-01
1.000000000000000000e+00,1.000000000000000000e+00,2.968750000000000555e-02,5.640625000000000222e-01
1.000000000000000000e+00,1.000000000000000000e+00,2.843750000000000791e-02,5.403124999999999734e-01
1.000000000000000000e+00,1.000000000000000000e+00,3.062500000000000638e-02,5.818750000000000311e-01
1.000000000000000000e+00,1.000000000000000000e+00,2.812500000000000763e-02,5.343750000000000444e-01
1.000000000000000000e+00,1.000000000000000000e+00,2.906250000000000500e-02,5.521874999999999423e-01
1.000000000000000000e+00,1.000000000000000000e+00,3.000000000000000583e-02,5.699999999999999512e-01
1.000000000000000000e+00,1.000000000000000000e+00,3.031250000000000611e-02,5.759374999999999911e-01
0.000000000000000000e+00,0.000000000000000000e+00,6.571428571428571397e-01,0.000000000000000000e+00
0.000000000000000000e+00,0.000000000000000000e+00,6.125000000000000444e-01,0.000000000000000000e+00
1.000000000000000000e+00,1.000000000000000000e+00,3.093750000000000666e-02,5.878124999999999600e-01
1.000000000000000000e+00,1.000000000000000000e+00,2.937500000000000527e-02,5.581249999999999822e-01
1.000000000000000000e+00,1.000000000000000000e+00,2.937500000000000527e-02,5.581249999999999822e-01
1.000000000000000000e+00,1.000000000000000000e+00,3.125000000000000694e-02,5.937500000000000000e-01
1.000000000000000000e+00,1.000000000000000000e+00,2.812500000000000763e-02,5.343750000000000444e-01
1.000000000000000000e+00,1.000000000000000000e+00,3.000000000000000583e-02,5.699999999999999512e-01
1.000000000000000000e+00,1.000000000000000000e+00,3.031250000000000611e-02,5.759374999999999911e-01
1.000000000000000000e+00,1.000000000000000000e+00,2.812500000000000763e-02,5.343750000000000444e-01
1.000000000000000000e+00,1.000000000000000000e+00,3.125000000000000694e-02,5.937500000000000000e-01
1.000000000000000000e+00,1.000000000000000000e+00,3.031250000000000611e-02,5.759374999999999911e-01
1.000000000000000000e+00,1.000000000000000000e+00,2.906250000000000500e-02,5.521874999999999423e-01
1.000000000000000000e+00,1.000000000000000000e+00,0.000000000000000000e+00,5.055555555555556468e-01
1.000000000000000000e+00,1.000000000000000000e+00,3.093750000000000666e-02,5.878124999999999600e-01
0.000000000000000000e+00,0.000000000000000000e+00,6.999999999999999556e-01,0.000000000000000000e+00
0.000000000000000000e+00,0.000000000000000000e+00,6.999999999999999556e-01,0.000000000000000000e+00
1.000000000000000000e+00,1.000000000000000000e+00,2.812500000000000763e-02,5.343750000000000444e-01
0.000000000000000000e+00,0.000000000000000000e+00,6.785714285714286031e-01,0.000000000000000000e+00
1.000000000000000000e+00,1.000000000000000000e+00,3.093750000000000666e-02,5.878124999999999600e-01
1.000000000000000000e+00,1.000000000000000000e+00,2.812500000000000763e-02,5.343750000000000444e-01
1.000000000000000000e+00,1.000000000000000000e+00,1.293750000000000282e-02,4.470625000000000848e-01
1.000000000000000000e+00,1.000000000000000000e+00,1.279687500000000269e-02,4.422031250000000857e-01
1.000000000000000000e+00,1.000000000000000000e+00,1.279687500000000269e-02,4.422031250000000857e-01
0.000000000000000000e+00,0.000000000000000000e+00,6.500000000000000222e-01,0.000000000000000000e+00
1.000000000000000000e+00,1.000000000000000000e+00,1.265625000000000257e-02,4.373437500000000866e-01
1.000000000000000000e+00,1.000000000000000000e+00,1.335937500000000146e-02,4.616406250000000266e-01
0.000000000000000000e+00,0.000000000000000000e+00,6.714285714285713746e-01,0.000000000000000000e+00
1.000000000000000000e+00,1.000000000000000000e+00,1.279687500000000269e-02,4.422031250000000857e-01
1.000000000000000000e+00,1.000000000000000000e+00,1.350000000000000158e-02,4.665000000000000813e-01
0.000000000000000000e+00,0.000000000000000000e+00,6.999999999999999556e-01,0.000000000000000000e+00
0.000000000000000000e+00,0.000000000000000000e+00,6.125000000000000444e-01,0.000000000000000000e+00
1.000000000000000000e+00,1.000000000000000000e+00,1.293750000000000282e-02,4.470625000000000848e-01
0.000000000000000000e+00,0.000000000000000000e+00,6.714285714285713746e-01,0.000000000000000000e+00
0.000000000000000000e+00,0.000000000000000000e+00,6.857142857142857206e-01,0.000000000000000000e+00
1.000000000000000000e+00,1.000000000000000000e+00,1.364062500000000171e-02,4.713593750000000804e-01
0.000000000000000000e+00,0.000000000000000000e+00,6.642857142857142572e-01,0.000000000000000000e+00
1.000000000000000000e+00,1.000000000000000000e+00,1.279687500000000269e-02,4.422031250000000857e-01
0.000000000000000000e+00,0.000000000000000000e+00,6.642857142857142572e-01,0.000000000000000000e+00
0.000000000000000000e+00,1.000000000000000000e+00,5.750000000000000666e-01,0.000000000000000000e+00
1.000000000000000000e+00,1.000000000000000000e+00,1.364062500000000171e-02,4.713593750000000804e-01
1.000000000000000000e+00,0.000000000000000000e+00,1.406250000000000208e-02,4.859375000000000777e-01
0.000000000000000000e+00,0.000000000000000000e+00,6.714285714285713746e-01,0.000000000000000000e+00
1.000000000000000000e+00,1.000000000000000000e+00,1.321875000000000133e-02,4.567812500000000275e-01
1.000000000000000000e+00,1.000000000000000000e+00,1.378125000000000183e-02,4.762187500000000795e-01
1.000000000000000000e+00,1.000000000000000000e+00,1.406250000000000208e-02,4.859375000000000777e-01
0.000000000000000000e+00,0.000000000000000000e+00,6.571428571428571397e-01,0.000000000000000000e+00
1.000000000000000000e+00,1.000000000000000000e+00,1.392187500000000196e-02,4.810781250000000786e-01
1.000000000000000000e+00,1.000000000000000000e+00,1.307812500000000121e-02,4.519218750000000284e-01
1.000000000000000000e+00,1.000000000000000000e+00,1.293750000000000282e-02,4.470625000000000848e-01
1.000000000000000000e+00,1.000000000000000000e+00,1.293750000000000282e-02,4.470625000000000848e-01
1.000000000000000000e+00,1.000000000000000000e+00,1.335937500000000146e-02,4.616406250000000266e-01
0.000000000000000000e+00,0.000000000000000000e+00,7.071428571428571841e-01,0.000000000000000000e+00
0.000000000000000000e+00,0.000000000000000000e+00,6.571428571428571397e-01,0.000000000000000000e+00
0.000000000000000000e+00,0.000000000000000000e+00,6.999999999999999556e-01,0.000000000000000000e+00
1.000000000000000000e+00,1.000000000000000000e+00,1.321875000000000133e-02,4.567812500000000275e-01
0.000000000000000000e+00,1.000000000000000000e+00,5.000000000000001110e-01,0.000000000000000000e+00
1.000000000000000000e+00,1.000000000000000000e+00,1.378125000000000183e-02,4.762187500000000795e-01
1.000000000000000000e+00,1.000000000000000000e+00,1.265625000000000257e-02,4.373437500000000866e-01
0.000000000000000000e+00,0.000000000000000000e+00,6.999999999999999556e-01,0.000000000000000000e+00
1.000000000000000000e+00,0.000000000000000000e+00,1.279687500000000269e-02,4.422031250000000857e-01
0.000000000000000000e+00,1.000000000000000000e+00,4.750000000000000888e-01,0.000000000000000000e+00
1.000000000000000000e+00,0.000000000000000000e+00,1.406250000000000208e-02,4.859375000000000777e-01
1.000000000000000000e+00,1.000000000000000000e+00,1.364062500000000171e-02,4.713593750000000804e-01
1.000000000000000000e+00,1.000000000000000000e+00,1.392187500000000196e-02,4.810781250000000786e-01
0.000000000000000000e+00,0.000000000000000000e+00,6.928571428571428381e-01,0.000000000000000000e+00
1.000000000000000000e+00,1.000000000000000000e+00,1.335937500000000146e-02,4.616406250000000266e-01
1.000000000000000000e+00,1.000000000000000000e+00,1.364062500000000171e-02,4.713593750000000804e-01
1.000000000000000000e+00,1.000000000000000000e+00,1.364062500000000171e-02,4.713593750000000804e-01
0.000000000000000000e+00,0.000000000000000000e+00,6.785714285714286031e-01,0.000000000000000000e+00
1.000000000000000000e+00,1.000000000000000000e+00,1.321875000000000133e-02,4.567812500000000275e-01
0.000000000000000000e+00,0.000000000000000000e+00,6.999999999999999556e-01,0.000000000000000000e+00
1.000000000000000000e+00,1.000000000000000000e+00,1.350000000000000158e-02,4.665000000000000813e-01
1.000000000000000000e+00,1.000000000000000000e+00,1.279687500000000269e-02,4.422031250000000857e-01
0.000000000000000000e+00,0.000000000000000000e+00,6.714285714285713746e-01,0.000000000000000000e+00
1.000000000000000000e+00,1.000000000000000000e+00,1.293750000000000282e-02,4.470625000000000848e-01
1.000000000000000000e+00,1.000000000000000000e+00,1.350000000000000158e-02,4.665000000000000813e-01
0.000000000000000000e+00,0.000000000000000000e+00,6.187500000000000222e-01,0.000000000000000000e+00
1.000000000000000000e+00,1.000000000000000000e+00,2.421823020625416337e-02,4.813373253493014037e-01
0.000000000000000000e+00,0.000000000000000000e+00,5.874999999999999112e-01,0.000000000000000000e+00
1.000000000000000000e+00,1.000000000000000000e+00,2.581503659347971283e-02,5.130738522954091385e-01
1.000000000000000000e+00,1.000000000000000000e+00,2.608117099135063774e-02,5.183632734530937425e-01
1.000000000000000000e+00,1.000000000000000000e+00,2.501663339986693810e-02,4.972055888223552711e-01
1.000000000000000000e+00,1.000000000000000000e+00,2.475049900199601319e-02,4.919161676646706116e-01
0.000000000000000000e+00,0.000000000000000000e+00,6.642857142857142572e-01,0.000000000000000000e+00
0.000000000000000000e+00,0.000000000000000000e+00,6.500000000000000222e-01,0.000000000000000000e+00
0.000000000000000000e+00,0.000000000000000000e+00,7.142857142857143016e-01,0.000000000000000000e+00
1.000000000000000000e+00,1.000000000000000000e+00,2.554890219560878792e-02,5.077844311377245345e-01
1.000000000000000000e+00,1.000000000000000000e+00,2.475049900199601319e-02,4.919161676646706116e-01
1.000000000000000000e+00,0.000000000000000000e+00,2.421823020625416337e-02,4.813373253493014037e-01
0.000000000000000000e+00,0.000000000000000000e+00,7.071428571428571841e-01,0.000000000000000000e+00
1.000000000000000000e+00,1.000000000000000000e+00,2.395209580838323846e-02,4.760479041916167442e-01
0.000000000000000000e+00,0.000000000000000000e+00,6.999999999999999556e-01,0.000000000000000000e+00
1.000000000000000000e+00,1.000000000000000000e+00,2.554890219560878792e-02,5.077844311377245345e-01
1.000000000000000000e+00,1.000000000000000000e+00,2.554890219560878792e-02,5.077844311377245345e-01
1.000000000000000000e+00,1.000000000000000000e+00,2.661343978709248756e-02,5.289421157684630614e-01
1.000000000000000000e+00,1.000000000000000000e+00,2.421823020625416337e-02,4.813373253493014037e-01
1.000000000000000000e+00,1.000000000000000000e+00,2.528276779773786301e-02,5.024950099800399306e-01
0.000000000000000000e+00,0.000000000000000000e+00,6.428571428571429047e-01,0.000000000000000000e+00
1.000000000000000000e+00,1.000000000000000000e+00,2.475049900199601319e-02,4.919161676646706116e-01
1.000000000000000000e+00,1.000000000000000000e+00,2.395209580838323846e-02,4.760479041916167442e-01
1.000000000000000000e+00,1.000000000000000000e+00,2.661343978709248756e-02,5.289421157684630614e-01
1.000000000000000000e+00,1.000000000000000000e+00,2.608117099135063774e-02,5.183632734530937425e-01
1.000000000000000000e+00,1.000000000000000000e+00,2.608117099135063774e-02,5.183632734530937425e-01
0.000000000000000000e+00,0.000000000000000000e+00,6.571428571428571397e-01,0.000000000000000000e+00
0.000000000000000000e+00,0.000000000000000000e+00,6.999999999999999556e-01,0.000000000000000000e+00
0.000000000000000000e+00,0.000000000000000000e+00,6.857142857142857206e-01,0.000000000000000000e+00
1.000000000000000000e+00,1.000000000000000000e+00,2.395209580838323846e-02,4.760479041916167442e-01
1.000000000000000000e+00,1.000000000000000000e+00,2.475049900199601319e-02,4.919161676646706116e-01
1.000000000000000000e+00,1.000000000000000000e+00,2.395209580838323846e-02,4.760479041916167442e-01
1.000000000000000000e+00,1.000000000000000000e+00,2.395209580838323846e-02,4.760479041916167442e-01
0.000000000000000000e+00,0.000000000000000000e+00,6.428571428571429047e-01,0.000000000000000000e+00
1.000000000000000000e+00,1.000000000000000000e+00,2.395209580838323846e-02,4.760479041916167442e-01
0.000000000000000000e+00,0.000000000000000000e+00,6.428571428571429047e-01,0.000000000000000000e+00
0.000000000000000000e+00,0.000000000000000000e+00,7.071428571428571841e-01,0.000000000000000000e+00
1.000000000000000000e+00,0.000000000000000000e+00,2.421823020625416337e-02,4.813373253493014037e-01
0.000000000000000000e+00,1.000000000000000000e+00,6.250000000000000000e-01,0.000000000000000000e+00
1.000000000000000000e+00,1.000000000000000000e+00,2.395209580838323846e-02,4.760479041916167442e-01
1.000000000000000000e+00,1.000000000000000000e+00,2.634730538922156265e-02,5.236526946107784575e-01
1.000000000000000000e+00,0.000000000000000000e+00,2.634730538922156265e-02,5.236526946107784575e-01
1.000000000000000000e+00,1.000000000000000000e+00,2.634730538922156265e-02,5.236526946107784575e-01
0.000000000000000000e+00,0.000000000000000000e+00,5.333333333333333259e-01,0.000000000000000000e+00
0.000000000000000000e+00,1.000000000000000000e+00,6.642857142857142572e-01,0.000000000000000000e+00
1.000000000000000000e+00,1.000000000000000000e+00,2.421823020625416337e-02,4.813373253493014037e-01
1.000000000000000000e+00,1.000000000000000000e+00,2.634730538922156265e-02,5.236526946107784575e-01
1.000000000000000000e+00,1.000000000000000000e+00,2.554890219560878792e-02,5.077844311377245345e-01
1.000000000000000000e+00,1.000000000000000000e+00,2.581503659347971283e-02,5.130738522954091385e-01
0.000000000000000000e+00,0.000000000000000000e+00,6.642857142857142572e-01,0.000000000000000000e+00
0.000000000000000000e+00,0.000000000000000000e+00,6.428571428571429047e-01,0.000000000000000000e+00
1.000000000000000000e+00,1.000000000000000000e+00,2.608117099135063774e-02,5.183632734530937425e-01
1.000000000000000000e+00,1.000000000000000000e+00,2.608117099135063774e-02,5.183632734530937425e-01
1.000000000000000000e+00,1.000000000000000000e+00,2.421823020625416337e-02,4.813373253493014037e-01
1.000000000000000000e+00,1.000000000000000000e+00,2.501663339986693810e-02,4.972055888223552711e-01
1.000000000000000000e+00,0.000000000000000000e+00,2.528276779773786301e-02,5.024950099800399306e-01
0.000000000000000000e+00,0.000000000000000000e+00,6.999999999999999556e-01,0.000000000000000000e+00
0.000000000000000000e+00,0.000000000000000000e+00,5.687499999999999778e-01,0.000000000000000000e+00
1.000000000000000000e+00,1.000000000000000000e+00,2.711538461538461758e-02,5.603846153846154809e-01
0.000000000000000000e+00,0.000000000000000000e+00,6.857142857142857206e-01,0.000000000000000000e+00
1.000000000000000000e+00,1.000000000000000000e+00,2.596153846153846645e-02,5.365384615384616307e-01
1.000000000000000000e+00,1.000000000000000000e+00,2.884615384615385122e-02,5.961538461538462563e-01
1.000000000000000000e+00,1.000000000000000000e+00,2.740384615384615710e-02,5.663461538461539435e-01
0.000000000000000000e+00,0.000000000000000000e+00,6.928571428571428381e-01,0.000000000000000000e+00
1.000000000000000000e+00,1.000000000000000000e+00,2.884615384615385122e-02,5.961538461538462563e-01
0.000000000000000000e+00,0.000000000000000000e+00,6.500000000000000222e-01,0.000000000000000000e+00
0.000000000000000000e+00,0.000000000000000000e+00,6.999999999999999556e-01,0.000000000000000000e+00
1.000000000000000000e+00,1.000000000000000000e+00,2.596153846153846645e-02,5.365384615384616307e-01
1.000000000000000000e+00,1.000000000000000000e+00,2.826923076923077219e-02,5.842307692307693312e-01
1.000000000000000000e+00,1.000000000000000000e+00,2.653846153846154549e-02,5.484615384615385558e-01
1.000000000000000000e+00,1.000000000000000000e+00,2.884615384615385122e-02,5.961538461538462563e-01
1.000000000000000000e+00,1.000000000000000000e+00,2.769230769230769662e-02,5.723076923076924061e-01
0.000000000000000000e+00,0.000000000000000000e+00,6.714285714285713746e-01,0.000000000000000000e+00
1.000000000000000000e+00,0.000000000000000000e+00,2.653846153846154549e-02,5.484615384615385558e-01
0.000000000000000000e+00,0.000000000000000000e+00,6.500000000000000222e-01,0.000000000000000000e+00
0.000000000000000000e+00,0.000000000000000000e+00,7.142857142857143016e-01,0.000000000000000000e+00
0.000000000000000000e+00,0.000000000000000000e+00,6.500000000000000222e-01,0.000000000000000000e+00
0.000000000000000000e+00,0.000000000000000000e+00,7.142857142857143016e-01,0.000000000000000000e+00
1.000000000000000000e+00,0.000000000000000000e+00,0.000000000000000000e+00,6.857142857142857206e-01
1.000000000000000000e+00,1.000000000000000000e+00,2.682692307692308153e-02,5.544230769230770184e-01
0.000000000000000000e+00,0.000000000000000000e+00,5.111111111111111827e-01,0.000000000000000000e+00
1.000000000000000000e+00,1.000000000000000000e+00,2.711538461538461758e-02,5.603846153846154809e-01
1.000000000000000000e+00,1.000000000000000000e+00,2.682692307692308153e-02,5.544230769230770184e-01
0.000000000000000000e+00,0.000000000000000000e+00,7.142857142857143016e-01,0.000000000000000000e+00
1.000000000000000000e+00,1.000000000000000000e+00,2.769230769230769662e-02,5.723076923076924061e-01
1.000000000000000000e+00,1.000000000000000000e+00,2.769230769230769662e-02,5.723076923076924061e-01
1.000000000000000000e+00,1.000000000000000000e+00,2.625000000000000597e-02,5.425000000000000933e-01
1.000000000000000000e+00,1.000000000000000000e+00,2.884615384615385122e-02,5.961538461538462563e-01
1.000000000000000000e+00,1.000000000000000000e+00,2.596153846153846645e-02,5.365384615384616307e-01
1.000000000000000000e+00,1.000000000000000000e+00,0.000000000000000000e+00,5.333333333333333259e-01
1.000000000000000000e+00,1.000000000000000000e+00,2.740384615384615710e-02,5.663461538461539435e-01
0.000000000000000000e+00,0.000000000000000000e+00,6.428571428571429047e-01,0.000000000000000000e+00
1.000000000000000000e+00,1.000000000000000000e+00,2.625000000000000597e-02,5.425000000000000933e-01
0.000000000000000000e+00,0.000000000000000000e+00,6.857142857142857206e-01,0.000000000000000000e+00
0.000000000000000000e+00,0.000000000000000000e+00,6.642857142857142572e-01,0.000000000000000000e+00
1.000000000000000000e+00,1.000000000000000000e+00,2.826923076923077219e-02,5.842307692307693312e-01
1.000000000000000000e+00,1.000000000000000000e+00,2.884615384615385122e-02,5.961538461538462563e-01
1.000000000000000000e+00,1.000000000000000000e+00,2.769230769230769662e-02,5.723076923076924061e-01
1.000000000000000000e+00,1.000000000000000000e+00,2.826923076923077219e-02,5.842307692307693312e-01
1.000000000000000000e+00,1.000000000000000000e+00,2.596153846153846645e-02,5.365384615384616307e-01
1.000000000000000000e+00,1.000000000000000000e+00,2.625000000000000597e-02,5.425000000000000933e-01
1.000000000000000000e+00,1.000000000000000000e+00,2.711538461538461758e-02,5.603846153846154809e-01
1.000000000000000000e+00,1.000000000000000000e+00,2.884615384615385122e-02,5.961538461538462563e-01
1.000000000000000000e+00,1.000000000000000000e+00,2.682692307692308153e-02,5.544230769230770184e-01
1.000000000000000000e+00,1.000000000000000000e+00,2.653846153846154549e-02,5.484615384615385558e-01
0.000000000000000000e+00,0.000000000000000000e+00,6.999999999999999556e-01,0.000000000000000000e+00
0.000000000000000000e+00,0.000000000000000000e+00,6.928571428571428381e-01,0.000000000000000000e+00
0.000000000000000000e+00,0.000000000000000000e+00,6.571428571428571397e-01,0.000000000000000000e+00
1.000000000000000000e+00,1.000000000000000000e+00,2.596153846153846645e-02,5.365384615384616307e-01
1.000000000000000000e+00,1.000000000000000000e+00,2.826923076923077219e-02,5.842307692307693312e-01
1.000000000000000000e+00,1.000000000000000000e+00,2.682692307692308153e-02,5.544230769230770184e-01
1.000000000000000000e+00,1.000000000000000000e+00,2.653846153846154549e-02,5.484615384615385558e-01
1.000000000000000000e+00,1.000000000000000000e+00,2.625000000000000597e-02,5.425000000000000933e-01
1.000000000000000000e+00,1.000000000000000000e+00,2.682692307692308153e-02,5.544230769230770184e-01
1.000000000000000000e+00,1.000000000000000000e+00,1.534810126582278507e-02,4.255609896432681616e-01
1.000000000000000000e+00,1.000000000000000000e+00,1.534810126582278507e-02,4.255609896432681616e-01
0.000000000000000000e+00,0.000000000000000000e+00,6.928571428571428381e-01,0.000000000000000000e+00
1.000000000000000000e+00,1.000000000000000000e+00,1.534810126582278507e-02,4.255609896432681616e-01
0.000000000000000000e+00,0.000000000000000000e+00,6.642857142857142572e-01,0.000000000000000000e+00
1.000000000000000000e+00,1.000000000000000000e+00,1.566455696202531667e-02,4.343354430379747222e-01
1.000000000000000000e+00,1.000000000000000000e+00,1.424050632911392535e-02,3.948504027617952272e-01
1.000000000000000000e+00,1.000000000000000000e+00,1.550632911392405174e-02,4.299482163406214696e-01
1.000000000000000000e+00,1.000000000000000000e+00,0.000000000000000000e+00,5.166666666666666075e-01
0.000000000000000000e+00,0.000000000000000000e+00,6.928571428571428381e-01,0.000000000000000000e+00
0.000000000000000000e+00,0.000000000000000000e+00,6.857142857142857206e-01,0.000000000000000000e+00
1.000000000000000000e+00,1.000000000000000000e+00,1.424050632911392535e-02,3.948504027617952272e-01
1.000000000000000000e+00,1.000000000000000000e+00,1.424050632911392535e-02,3.948504027617952272e-01
1.000000000000000000e+00,0.000000000000000000e+00,1.518987341772152014e-02,4.211737629459149090e-01
0.000000000000000000e+00,0.000000000000000000e+00,6.785714285714286031e-01,0.000000000000000000e+00
1.000000000000000000e+00,1.000000000000000000e+00,1.550632911392405174e-02,4.299482163406214696e-01
1.000000000000000000e+00,1.000000000000000000e+00,1.455696202531645694e-02,4.036248561565017878e-01
1.000000000000000000e+00,1.000000000000000000e+00,1.582278481012658333e-02,4.387226697353280302e-01
1.000000000000000000e+00,1.000000000000000000e+00,1.471518987341772187e-02,4.080120828538550404e-01
1.000000000000000000e+00,1.000000000000000000e+00,1.424050632911392535e-02,3.948504027617952272e-01
0.000000000000000000e+00,0.000000000000000000e+00,6.571428571428571397e-01,0.000000000000000000e+00
0.000000000000000000e+00,0.000000000000000000e+00,5.625000000000000000e-01,0.000000000000000000e+00
1.000000000000000000e+00,1.000000000000000000e+00,1.582278481012658333e-02,4.387226697353280302e-01
1.000000000000000000e+00,1.000000000000000000e+00,1.455696202531645694e-02,4.036248561565017878e-01
1.000000000000000000e+00,1.000000000000000000e+00,1.582278481012658333e-02,4.387226697353280302e-01
1.000000000000000000e+00,1.000000000000000000e+00,1.487341772151898681e-02,4.123993095512083484e-01
0.000000000000000000e+00,0.000000000000000000e+00,6.187500000000000222e-01,0.000000000000000000e+00
1.000000000000000000e+00,1.000000000000000000e+00,1.582278481012658333e-02,4.387226697353280302e-01
1.000000000000000000e+00,1.000000000000000000e+00,1.566455696202531667e-02,4.343354430379747222e-01
1.000000000000000000e+00,1.000000000000000000e+00,1.503164556962025347e-02,4.167865362485616010e-01
1.000000000000000000e+00,1.000000000000000000e+00,1.455696202531645694e-02,4.036248561565017878e-01
1.000000000000000000e+00,1.000000000000000000e+00,1.582278481012658333e-02,4.387226697353280302e-01
1.000000000000000000e+00,1.000000000000000000e+00,1.455696202531645694e-02,4.036248561565017878e-01
1.000000000000000000e+00,1.000000000000000000e+00,1.518987341772152014e-02,4.211737629459149090e-01
1.000000000000000000e+00,1.000000000000000000e+00,1.455696202531645694e-02,4.036248561565017878e-01
1.000000000000000000e+00,1.000000000000000000e+00,1.455696202531645694e-02,4.036248561565017878e-01
1.000000000000000000e+00,1.000000000000000000e+00,1.503164556962025347e-02,4.167865362485616010e-01
0.000000000000000000e+00,0.000000000000000000e+00,6.857142857142857206e-01,0.000000000000000000e+00
1.000000000000000000e+00,1.000000000000000000e+00,1.566455696202531667e-02,4.343354430379747222e-01
1.000000000000000000e+00,1.000000000000000000e+00,1.424050632911392535e-02,3.948504027617952272e-01
1.000000000000000000e+00,1.000000000000000000e+00,1.503164556962025347e-02,4.167865362485616010e-01
1.000000000000000000e+00,1.000000000000000000e+00,1.582278481012658333e-02,4.387226697353280302e-01
0.000000000000000000e+00,0.000000000000000000e+00,5.812499999999999334e-01,0.000000000000000000e+00
1.000000000000000000e+00,1.000000000000000000e+00,1.424050632911392535e-02,3.948504027617952272e-01
1.000000000000000000e+00,1.000000000000000000e+00,1.503164556962025347e-02,4.167865362485616010e-01
0.000000000000000000e+00,0.000000000000000000e+00,6.428571428571429047e-01,0.000000000000000000e+00
1.000000000000000000e+00,1.000000000000000000e+00,1.534810126582278507e-02,4.255609896432681616e-01
1.000000000000000000e+00,1.000000000000000000e+00,1.582278481012658333e-02,4.387226697353280302e-01
1.000000000000000000e+00,1.000000000000000000e+00,1.471518987341772187e-02,4.080120828538550404e-01
0.000000000000000000e+00,0.000000000000000000e+00,6.642857142857142572e-01,0.000000000000000000e+00
0.000000000000000000e+00,0.000000000000000000e+00,6.999999999999999556e-01,0.000000000000000000e+00
0.000000000000000000e+00,0.000000000000000000e+00,7.071428571428571841e-01,0.000000000000000000e+00
1.000000000000000000e+00,1.000000000000000000e+00,1.471518987341772187e-02,4.080120828538550404e-01
0.000000000000000000e+00,0.000000000000000000e+00,7.071428571428571841e-01,0.000000000000000000e+00
0.000000000000000000e+00,0.000000000000000000e+00,6.785714285714286031e-01,0.000000000000000000e+00
1.000000000000000000e+00,1.000000000000000000e+00,1.439873417721519201e-02,3.992376294591485353e-01
1.000000000000000000e+00,1.000000000000000000e+00,1.471518987341772187e-02,4.080120828538550404e-01
0.000000000000000000e+00,0.000000000000000000e+00,6.785714285714286031e-01,0.000000000000000000e+00
1.000000000000000000e+00,1.000000000000000000e+00,1.776041666666667088e-02,4.989062499999999956e-01
1.000000000000000000e+00,1.000000000000000000e+00,1.871527777777778206e-02,5.257291666666666918e-01
0.000000000000000000e+00,0.000000000000000000e+00,6.642857142857142572e-01,0.000000000000000000e+00
0.000000000000000000e+00,0.000000000000000000e+00,6.500000000000000222e-01,0.000000000000000000e+00
0.000000000000000000e+00,0.000000000000000000e+00,6.857142857142857206e-01,0.000000000000000000e+00
1.000000000000000000e+00,1.000000000000000000e+00,1.833333333333333690e-02,5.150000000000000133e-01
1.000000000000000000e+00,1.000000000000000000e+00,1.737847222222222571e-02,4.881770833333333726e-01
0.000000000000000000e+00,0.000000000000000000e+00,6.571428571428571397e-01,0.000000000000000000e+00
0.000000000000000000e+00,0.000000000000000000e+00,6.642857142857142572e-01,0.000000000000000000e+00
1.000000000000000000e+00,1.000000000000000000e+00,1.776041666666667088e-02,4.989062499999999956e-01
1.000000000000000000e+00,1.000000000000000000e+00,1.814236111111111605e-02,5.096354166666666741e-01
0.000000000000000000e+00,0.000000000000000000e+00,7.142857142857143016e-01,0.000000000000000000e+00
1.000000000000000000e+00,1.000000000000000000e+00,1.909722222222222723e-02,5.364583333333333703e-01
1.000000000000000000e+00,1.000000000000000000e+00,1.871527777777778206e-02,5.257291666666666918e-01
0.000000000000000000e+00,0.000000000000000000e+00,6.999999999999999556e-01,0.000000000000000000e+00
1.000000000000000000e+00,1.000000000000000000e+00,1.776041666666667088e-02,4.989062499999999956e-01
1.000000000000000000e+00,1.000000000000000000e+00,1.737847222222222571e-02,4.881770833333333726e-01
1.000000000000000000e+00,1.000000000000000000e+00,1.756944444444445003e-02,4.935416666666667118e-01
1.000000000000000000e+00,1.000000000000000000e+00,1.852430555555556121e-02,5.203645833333333526e-01
1.000000000000000000e+00,1.000000000000000000e+00,1.852430555555556121e-02,5.203645833333333526e-01
1.000000000000000000e+00,0.000000000000000000e+00,1.756944444444445003e-02,4.935416666666667118e-01
1.000000000000000000e+00,1.000000000000000000e+00,1.776041666666667088e-02,4.989062499999999956e-01
1.000000000000000000e+00,1.000000000000000000e+00,1.795138888888889173e-02,5.042708333333333348e-01
1.000000000000000000e+00,1.000000000000000000e+00,1.756944444444445003e-02,4.935416666666667118e-01
1.000000000000000000e+00,1.000000000000000000e+00,1.871527777777778206e-02,5.257291666666666918e-01
1.000000000000000000e+00,1.000000000000000000e+00,1.833333333333333690e-02,5.150000000000000133e-01
1.000000000000000000e+00,1.000000000000000000e+00,0.000000000000000000e+00,5.388888888888888618e-01
1.000000000000000000e+00,1.000000000000000000e+00,1.756944444444445003e-02,4.935416666666667118e-01
1.000000000000000000e+00,1.000000000000000000e+00,1.737847222222222571e-02,4.881770833333333726e-01
1.000000000000000000e+00,0.000000000000000000e+00,1.833333333333333690e-02,5.150000000000000133e-01
1.000000000000000000e+00,1.000000000000000000e+00,1.890625000000000638e-02,5.310937500000000311e-01
0.000000000000000000e+00,0.000000000000000000e+00,7.071428571428571841e-01,0.000000000000000000e+00
1.000000000000000000e+00,1.000000000000000000e+00,1.776041666666667088e-02,4.989062499999999956e-01
0.000000000000000000e+00,0.000000000000000000e+00,6.500000000000000222e-01,0.000000000000000000e+00
0.000000000000000000e+00,0.000000000000000000e+00,6.571428571428571397e-01,0.000000000000000000e+00
1.000000000000000000e+00,1.000000000000000000e+00,1.890625000000000638e-02,5.310937500000000311e-01
1.000000000000000000e+00,1.000000000000000000e+00,1.909722222222222723e-02,5.364583333333333703e-01
0.000000000000000000e+00,0.000000000000000000e+00,5.687499999999999778e-01,0.000000000000000000e+00
1.000000000000000000e+00,1.000000000000000000e+00,1.737847222222222571e-02,4.881770833333333726e-01
0.000000000000000000e+00,0.000000000000000000e+00,7.142857142857143016e-01,0.000000000000000000e+00
1.000000000000000000e+00,1.000000000000000000e+00,1.776041666666667088e-02,4.989062499999999956e-01
1.000000000000000000e+00,1.000000000000000000e+00,1.890625000000000638e-02,5.310937500000000311e-01
0.000000000000000000e+00,0.000000000000000000e+00,6.571428571428571397e-01,0.000000000000000000e+00
1.000000000000000000e+00,1.000000000000000000e+00,1.776041666666667088e-02,4.989062499999999956e-01
1.000000000000000000e+00,1.000000000000000000e+00,1.890625000000000638e-02,5.310937500000000311e-01
1.000000000000000000e+00,1.000000000000000000e+00,0.000000000000000000e+00,5.055555555555556468e-01
1.000000000000000000e+00,1.000000000000000000e+00,1.795138888888889173e-02,5.042708333333333348e-01
1.000000000000000000e+00,1.000000000000000000e+00,1.776041666666667088e-02,4.989062499999999956e-01
0.000000000000000000e+00,0.000000000000000000e+00,7.142857142857143016e-01,0.000000000000000000e+00
0.000000000000000000e+00,0.000000000000000000e+00,6.428571428571429047e-01,0.000000000000000000e+00
0.000000000000000000e+00,0.000000000000000000e+00,6.928571428571428381e-01,0.000000000000000000e+00
1.000000000000000000e+00,1.000000000000000000e+00,1.852430555555556121e-02,5.203645833333333526e-01
1.000000000000000000e+00,1.000000000000000000e+00,1.852430555555556121e-02,5.203645833333333526e-01
0.000000000000000000e+00,1.000000000000000000e+00,6.928571428571428381e-01,0.000000000000000000e+00
1.000000000000000000e+00,1.000000000000000000e+00,1.737847222222222571e-02,4.881770833333333726e-01
1.000000000000000000e+00,1.000000000000000000e+00,1.776041666666667088e-02,4.989062499999999956e-01
0.000000000000000000e+00,0.000000000000000000e+00,6.642857142857142572e-01,0.000000000000000000e+00
1.000000000000000000e+00,1.000000000000000000e+00,1.993865030674846911e-02,4.800613496932515378e-01
1.000000000000000000e+00,1.000000000000000000e+00,2.193251533742331463e-02,5.280674846625766916e-01
1.000000000000000000e+00,1.000000000000000000e+00,2.126789366053169830e-02,5.120654396728016033e-01
1.000000000000000000e+00,1.000000000000000000e+00,2.193251533742331463e-02,5.280674846625766916e-01
1.000000000000000000e+00,1.000000000000000000e+00,2.016019086571234006e-02,4.853953646898432339e-01
1.000000000000000000e+00,1.000000000000000000e+00,2.016019086571234006e-02,4.853953646898432339e-01
1.000000000000000000e+00,1.000000000000000000e+00,2.171097477845944021e-02,5.227334696659849955e-01
1.000000000000000000e+00,0.000000000000000000e+00,0.000000000000000000e+00,6.571428571428571397e-01
1.000000000000000000e+00,1.000000000000000000e+00,2.060327198364008197e-02,4.960633946830265706e-01
1.000000000000000000e+00,1.000000000000000000e+00,2.016019086571234006e-02,4.853953646898432339e-01
1.000000000000000000e+00,1.000000000000000000e+00,2.193251533742331463e-02,5.280674846625766916e-01
1.000000000000000000e+00,1.000000000000000000e+00,2.215405589638718559e-02,5.334014996591683877e-01
0.000000000000000000e+00,0.000000000000000000e+00,6.857142857142857206e-01,0.000000000000000000e+00
1.000000000000000000e+00,1.000000000000000000e+00,2.038173142467621102e-02,4.907293796864349300e-01
0.000000000000000000e+00,0.000000000000000000e+00,6.928571428571428381e-01,0.000000000000000000e+00
1.000000000000000000e+00,1.000000000000000000e+00,2.060327198364008197e-02,4.960633946830265706e-01
1.000000000000000000e+00,1.000000000000000000e+00,2.082481254260395293e-02,5.013974096796182112e-01
1.000000000000000000e+00,1.000000000000000000e+00,2.148943421949556926e-02,5.173994546693932994e-01
0.000000000000000000e+00,0.000000000000000000e+00,6.928571428571428381e-01,0.000000000000000000e+00
1.000000000000000000e+00,1.000000000000000000e+00,2.171097477845944021e-02,5.227334696659849955e-01
1.000000000000000000e+00,1.000000000000000000e+00,2.104635310156782388e-02,5.067314246762099073e-01
0.000000000000000000e+00,0.000000000000000000e+00,6.785714285714286031e-01,0.000000000000000000e+00
1.000000000000000000e+00,1.000000000000000000e+00,2.082481254260395293e-02,5.013974096796182112e-01
1.000000000000000000e+00,1.000000000000000000e+00,2.215405589638718559e-02,5.334014996591683877e-01
1.000000000000000000e+00,1.000000000000000000e+00,2.171097477845944021e-02,5.227334696659849955e-01
1.000000000000000000e+00,1.000000000000000000e+00,1.993865030674846911e-02,4.800613496932515378e-01
0.000000000000000000e+00,0.000000000000000000e+00,6.500000000000000222e-01,0.000000000000000000e+00
0.000000000000000000e+00,0.000000000000000000e+00,5.000000000000000000e-01,0.000000000000000000e+00
1.000000000000000000e+00,1.000000000000000000e+00,2.104635310156782388e-02,5.067314246762099073e-01
0.000000000000000000e+00,0.000000000000000000e+00,6.785714285714286031e-01,0.000000000000000000e+00
1.000000000000000000e+00,1.000000000000000000e+00,2.016019086571234006e-02,4.853953646898432339e-01
1.000000000000000000e+00,1.000000000000000000e+00,2.193251533742331463e-02,5.280674846625766916e-01
0.000000000000000000e+00,0.000000000000000000e+00,6.571428571428571397e-01,0.000000000000000000e+00
1.000000000000000000e+00,1.000000000000000000e+00,0.000000000000000000e+00,5.166666666666666075e-01
1.000000000000000000e+00,1.000000000000000000e+00,2.016019086571234006e-02,4.853953646898432339e-01
1.000000000000000000e+00,1.000000000000000000e+00,2.171097477845944021e-02,5.227334696659849955e-01
0.000000000000000000e+00,0.000000000000000000e+00,6.785714285714286031e-01,0.000000000000000000e+00
0.000000000000000000e+00,0.000000000000000000e+00,6.857142857142857206e-01,0.000000000000000000e+00
0.000000000000000000e+00,0.000000000000000000e+00,6.857142857142857206e-01,0.000000000000000000e+00
1.000000000000000000e+00,0.000000000000000000e+00,2.126789366053169830e-02,5.120654396728016033e-01
0.000000000000000000e+00,0.000000000000000000e+00,6.571428571428571397e-01,0.000000000000000000e+00
1.000000000000000000e+00,1.000000000000000000e+00,1.993865030674846911e-02,4.800613496932515378e-01
0.000000000000000000e+00,0.000000000000000000e+00,6.500000000000000222e-01,0.000000000000000000e+00
1.000000000000000000e+00,0.000000000000000000e+00,2.060327198364008197e-02,4.960633946830265706e-01
0.000000000000000000e+00,0.000000000000000000e+00,6.999999999999999556e-01,0.000000000000000000e+00
1.000000000000000000e+00,1.000000000000000000e+00,2.060327198364008197e-02,4.960633946830265706e-01
1.000000000000000000e+00,1.000000000000000000e+00,2.038173142467621102e-02,4.907293796864349300e-01
1.000000000000000000e+00,1.000000000000000000e+00,2.193251533742331463e-02,5.280674846625766916e-01
1.000000000000000000e+00,1.000000000000000000e+00,2.060327198364008197e-02,4.960633946830265706e-01
1.000000000000000000e+00,0.000000000000000000e+00,0.000000000000000000e+00,6.125000000000000444e-01
0.000000000000000000e+00,0.000000000000000000e+00,7.071428571428571841e-01,0.000000000000000000e+00
0.000000000000000000e+00,0.000000000000000000e+00,6.428571428571429047e-01,0.000000000000000000e+00
0.000000000000000000e+00,0.000000000000000000e+00,6.250000000000000000e-01,0.000000000000000000e+00
0.000000000000000000e+00,0.000000000000000000e+00,6.928571428571428381e-01,0.000000000000000000e+00
1.000000000000000000e+00,1.000000000000000000e+00,2.082481254260395293e-02,5.013974096796182112e-01
