1.000000000000000000e+00,1.000000000000000000e+00,2.088607594936709236e-02,5.291139240506329555e-01
0.000000000000000000e+00,0.000000000000000000e+00,6.500000000000000222e-01,0.000000000000000000e+00
0.000000000000000000e+00,0.000000000000000000e+00,6.642857142857142572e-01,0.000000000000000000e+00
0.000000000000000000e+00,0.000000000000000000e+00,6.571428571428571397e-01,0.000000000000000000e+00
0.000000000000000000e+00,0.000000000000000000e+00,6.428571428571429047e-01,0.000000000000000000e+00
1.000000000000000000e+00,1.000000000000000000e+00,2.004219409282700579e-02,5.077355836849507531e-01
0.000000000000000000e+00,0.000000000000000000e+00,6.571428571428571397e-01,0.000000000000000000e+00
0.000000000000000000e+00,0.000000000000000000e+00,6.642857142857142572e-01,0.000000000000000000e+00
1.000000000000000000e+00,1.000000000000000000e+00,1.919831223628692268e-02,4.863572433192687172e-01
1.000000000000000000e+00,1.000000000000000000e+00,2.088607594936709236e-02,5.291139240506329555e-01
1.000000000000000000e+00,1.000000000000000000e+00,2.088607594936709236e-02,5.291139240506329555e-01
1.000000000000000000e+00,1.000000000000000000e+00,2.004219409282700579e-02,5.077355836849507531e-01
1.000000000000000000e+00,1.000000000000000000e+00,2.109704641350211227e-02,5.344585091420535061e-01
0.000000000000000000e+00,1.000000000000000000e+00,5.937500000000000000e-01,0.000000000000000000e+00
1.000000000000000000e+00,1.000000000000000000e+00,5.277777777777778456e-02,4.750000000000000888e-01
1.000000000000000000e+00,1.000000000000000000e+00,1.940928270042194259e-02,4.917018284106892678e-01
1.000000000000000000e+00,1.000000000000000000e+00,1.983122362869198588e-02,5.023909985935303135e-01
0.000000000000000000e+00,0.000000000000000000e+00,6.571428571428571397e-01,0.000000000000000000e+00
1.000000000000000000e+00,1.000000000000000000e+00,1.898734177215190277e-02,4.810126582278481666e-01
1.000000000000000000e+00,1.000000000000000000e+00,1.919831223628692268e-02,4.863572433192687172e-01
1.000000000000000000e+00,1.000000000000000000e+00,2.004219409282700579e-02,5.077355836849507531e-01
1.000000000000000000e+00,1.000000000000000000e+00,2.067510548523206898e-02,5.237693389592124049e-01
1.000000000000000000e+00,1.000000000000000000e+00,2.109704641350211227e-02,5.344585091420535061e-01
1.000000000000000000e+00,1.000000000000000000e+00,1.962025316455696250e-02,4.970464135021097074e-01
1.000000000000000000e+00,1.000000000000000000e+00,2.025316455696202569e-02,5.130801687763713037e-01
1.000000000000000000e+00,1.000000000000000000e+00,2.046413502109704907e-02,5.184247538677918543e-01
1.000000000000000000e+00,1.000000000000000000e+00,2.067510548523206898e-02,5.237693389592124049e-01
1.000000000000000000e+00,1.000000000000000000e+00,1.983122362869198588e-02,5.023909985935303135e-01
1.000000000000000000e+00,1.000000000000000000e+00,1.962025316455696250e-02,4.970464135021097074e-01
0.000000000000000000e+00,0.000000000000000000e+00,6.785714285714286031e-01,0.000000000000000000e+00
1.000000000000000000e+00,1.000000000000000000e+00,1.962025316455696250e-02,4.970464135021097074e-01
0.000000000000000000e+00,0.000000000000000000e+00,5.111111111111111827e-01,0.000000000000000000e+00
1.000000000000000000e+00,1.000000000000000000e+00,1.919831223628692268e-02,4.863572433192687172e-01
1.000000000000000000e+00,1.000000000000000000e+00,1.919831223628692268e-02,4.863572433192687172e-01
0.000000000000000000e+00,0.000000000000000000e+00,7.142857142857143016e-01,0.000000000000000000e+00
0.000000000000000000e+00,0.000000000000000000e+00,6.500000000000000222e-01,0.000000000000000000e+00
1.000000000000000000e+00,1.000000000000000000e+00,1.962025316455696250e-02,4.970464135021097074e-01
0.000000000000000000e+00,1.000000000000000000e+00,5.625000000000000000e-01,0.000000000000000000e+00
1.000000000000000000e+00,1.000000000000000000e+00,2.004219409282700579e-02,5.077355836849507531e-01
1.000000000000000000e+00,1.000000000000000000e+00,2.067510548523206898e-02,5.237693389592124049e-01
1.000000000000000000e+00,1.000000000000000000e+00,2.067510548523206898e-02,5.237693389592124049e-01
1.000000000000000000e+00,1.000000000000000000e+00,1.940928270042194259e-02,4.917018284106892678e-01
1.000000000000000000e+00,1.000000000000000000e+00,1.983122362869198588e-02,5.023909985935303135e-01
1.000000000000000000e+00,1.000000000000000000e+00,1.898734177215190277e-02,4.810126582278481666e-01
1.000000000000000000e+00,1.000000000000000000e+00,1.919831223628692268e-02,4.863572433192687172e-01
1.000000000000000000e+00,1.000000000000000000e+00,2.025316455696202569e-02,5.130801687763713037e-01
0.000000000000000000e+00,0.000000000000000000e+00,6.428571428571429047e-01,0.000000000000000000e+00
0.000000000000000000e+00,0.000000000000000000e+00,7.071428571428571841e-01,0.000000000000000000e+00
0.000000000000000000e+00,0.000000000000000000e+00,6.500000000000000222e-01,0.000000000000000000e+00
0.000000000000000000e+00,0.000000000000000000e+00,6.571428571428571397e-01,0.000000000000000000e+00
1.000000000000000000e+00,1.000000000000000000e+00,2.025316455696202569e-02,5.130801687763713037e-01
1.000000000000000000e+00,1.000000000000000000e+00,2.025316455696202569e-02,5.130801687763713037e-01
1.000000000000000000e+00,1.000000000000000000e+00,2.109704641350211227e-02,5.344585091420535061e-01
1.000000000000000000e+00,1.000000000000000000e+00,2.067510548523206898e-02,5.237693389592124049e-01
0.000000000000000000e+00,0.000000000000000000e+00,6.928571428571428381e-01,0.000000000000000000e+00
1.000000000000000000e+00,1.000000000000000000e+00,1.940928270042194259e-02,4.917018284106892678e-01
1.000000000000000000e+00,1.000000000000000000e+00,2.025316455696202569e-02,5.130801687763713037e-01
0.000000000000000000e+00,0.000000000000000000e+00,6.428571428571429047e-01,0.000000000000000000e+00
1.000000000000000000e+00,1.000000000000000000e+00,1.367911085779424316e-02,4.226845255058421236e-01
1.000000000000000000e+00,1.000000000000000000e+00,1.282416642918210274e-02,3.962667426617270117e-01
0.000000000000000000e+00,0.000000000000000000e+00,6.928571428571428381e-01,0.000000000000000000e+00
1.000000000000000000e+00,1.000000000000000000e+00,1.310914790538614955e-02,4.050726702764320675e-01
0.000000000000000000e+00,0.000000000000000000e+00,6.642857142857142572e-01,0.000000000000000000e+00
0.000000000000000000e+00,0.000000000000000000e+00,6.857142857142857206e-01,0.000000000000000000e+00
1.000000000000000000e+00,1.000000000000000000e+00,1.339412938159019635e-02,4.138785978911370678e-01
1.000000000000000000e+00,1.000000000000000000e+00,1.410658307210031250e-02,4.358934169278997350e-01
0.000000000000000000e+00,0.000000000000000000e+00,6.785714285714286031e-01,0.000000000000000000e+00
1.000000000000000000e+00,1.000000000000000000e+00,1.282416642918210274e-02,3.962667426617270117e-01
1.000000000000000000e+00,1.000000000000000000e+00,1.396409233399828996e-02,4.314904531205471794e-01
1.000000000000000000e+00,1.000000000000000000e+00,1.410658307210031250e-02,4.358934169278997350e-01
0.000000000000000000e+00,0.000000000000000000e+00,5.750000000000000666e-01,0.000000000000000000e+00
0.000000000000000000e+00,0.000000000000000000e+00,7.071428571428571841e-01,0.000000000000000000e+00
1.000000000000000000e+00,1.000000000000000000e+00,1.310914790538614955e-02,4.050726702764320675e-01
1.000000000000000000e+00,1.000000000000000000e+00,1.424907381020233677e-02,4.402963807352522352e-01
0.000000000000000000e+00,0.000000000000000000e+00,6.642857142857142572e-01,0.000000000000000000e+00
1.000000000000000000e+00,1.000000000000000000e+00,1.424907381020233677e-02,4.402963807352522352e-01
1.000000000000000000e+00,1.000000000000000000e+00,1.410658307210031250e-02,4.358934169278997350e-01
1.000000000000000000e+00,1.000000000000000000e+00,1.325163864348817208e-02,4.094756340837845676e-01
0.000000000000000000e+00,0.000000000000000000e+00,6.785714285714286031e-01,0.000000000000000000e+00
1.000000000000000000e+00,1.000000000000000000e+00,1.410658307210031250e-02,4.358934169278997350e-01
1.000000000000000000e+00,1.000000000000000000e+00,1.353662011969221889e-02,4.182815616984896234e-01
1.000000000000000000e+00,1.000000000000000000e+00,1.367911085779424316e-02,4.226845255058421236e-01
0.000000000000000000e+00,0.000000000000000000e+00,7.071428571428571841e-01,0.000000000000000000e+00
1.000000000000000000e+00,1.000000000000000000e+00,1.367911085779424316e-02,4.226845255058421236e-01
1.000000000000000000e+00,0.000000000000000000e+00,1.353662011969221889e-02,4.182815616984896234e-01
1.000000000000000000e+00,1.000000000000000000e+00,1.325163864348817208e-02,4.094756340837845676e-01
0.000000000000000000e+00,0.000000000000000000e+00,6.785714285714286031e-01,0.000000000000000000e+00
1.000000000000000000e+00,1.000000000000000000e+00,1.382160159589626569e-02,4.270874893131946792e-01
1.000000000000000000e+00,1.000000000000000000e+00,1.396409233399828996e-02,4.314904531205471794e-01
1.000000000000000000e+00,1.000000000000000000e+00,1.310914790538614955e-02,4.050726702764320675e-01
1.000000000000000000e+00,1.000000000000000000e+00,1.310914790538614955e-02,4.050726702764320675e-01
1.000000000000000000e+00,1.000000000000000000e+00,1.339412938159019635e-02,4.138785978911370678e-01
1.000000000000000000e+00,1.000000000000000000e+00,1.367911085779424316e-02,4.226845255058421236e-01
1.000000000000000000e+00,1.000000000000000000e+00,1.410658307210031250e-02,4.358934169278997350e-01
1.000000000000000000e+00,1.000000000000000000e+00,1.410658307210031250e-02,4.358934169278997350e-01
0.000000000000000000e+00,0.000000000000000000e+00,6.785714285714286031e-01,0.000000000000000000e+00
0.000000000000000000e+00,0.000000000000000000e+00,6.999999999999999556e-01,0.000000000000000000e+00
0.000000000000000000e+00,0.000000000000000000e+00,6.500000000000000222e-01,0.000000000000000000e+00
0.000000000000000000e+00,0.000000000000000000e+00,6.785714285714286031e-01,0.000000000000000000e+00
1.000000000000000000e+00,1.000000000000000000e+00,1.296665716728412701e-02,4.006697064690795673e-01
1.000000000000000000e+00,1.000000000000000000e+00,1.325163864348817208e-02,4.094756340837845676e-01
0.000000000000000000e+00,0.000000000000000000e+00,6.428571428571429047e-01,0.000000000000000000e+00
1.000000000000000000e+00,1.000000000000000000e+00,1.310914790538614955e-02,4.050726702764320675e-01
1.000000000000000000e+00,1.000000000000000000e+00,1.367911085779424316e-02,4.226845255058421236e-01
0.000000000000000000e+00,0.000000000000000000e+00,6.428571428571429047e-01,0.000000000000000000e+00
0.000000000000000000e+00,1.000000000000000000e+00,4.650000000000000799e-01,0.000000000000000000e+00
0.000000000000000000e+00,0.000000000000000000e+00,7.142857142857143016e-01,0.000000000000000000e+00
1.000000000000000000e+00,1.000000000000000000e+00,1.410658307210031250e-02,4.358934169278997350e-01
0.000000000000000000e+00,0.000000000000000000e+00,6.928571428571428381e-01,0.000000000000000000e+00
1.000000000000000000e+00,1.000000000000000000e+00,1.353662011969221889e-02,4.182815616984896234e-01
0.000000000000000000e+00,0.000000000000000000e+00,7.071428571428571841e-01,0.000000000000000000e+00
0.000000000000000000e+00,0.000000000000000000e+00,6.999999999999999556e-01,0.000000000000000000e+00
1.000000000000000000e+00,1.000000000000000000e+00,1.339412938159019635e-02,4.138785978911370678e-01
1.000000000000000000e+00,1.000000000000000000e+00,1.382160159589626569e-02,4.270874893131946792e-01
1.000000000000000000e+00,1.000000000000000000e+00,1.477987421383647644e-02,4.124928530588908293e-01
1.000000000000000000e+00,1.000000000000000000e+00,1.509433962264150955e-02,4.212692967409948919e-01
0.000000000000000000e+00,0.000000000000000000e+00,6.999999999999999556e-01,0.000000000000000000e+00
1.000000000000000000e+00,1.000000000000000000e+00,1.430817610062893111e-02,3.993281875357347355e-01
1.000000000000000000e+00,1.000000000000000000e+00,1.509433962264150955e-02,4.212692967409948919e-01
1.000000000000000000e+00,1.000000000000000000e+00,1.540880503144654093e-02,4.300457404230989544e-01
1.000000000000000000e+00,1.000000000000000000e+00,1.493710691823899213e-02,4.168810748999428606e-01
1.000000000000000000e+00,1.000000000000000000e+00,1.572327044025157231e-02,4.388221841052030170e-01
0.000000000000000000e+00,0.000000000000000000e+00,6.928571428571428381e-01,0.000000000000000000e+00
1.000000000000000000e+00,0.000000000000000000e+00,1.572327044025157231e-02,4.388221841052030170e-01
1.000000000000000000e+00,1.000000000000000000e+00,1.572327044025157231e-02,4.388221841052030170e-01
0.000000000000000000e+00,0.000000000000000000e+00,6.428571428571429047e-01,0.000000000000000000e+00
0.000000000000000000e+00,0.000000000000000000e+00,6.928571428571428381e-01,0.000000000000000000e+00
1.000000000000000000e+00,1.000000000000000000e+00,1.540880503144654093e-02,4.300457404230989544e-01
0.000000000000000000e+00,0.000000000000000000e+00,6.500000000000000222e-01,0.000000000000000000e+00
1.000000000000000000e+00,1.000000000000000000e+00,1.493710691823899213e-02,4.168810748999428606e-01
1.000000000000000000e+00,1.000000000000000000e+00,1.556603773584905662e-02,4.344339622641509857e-01
1.000000000000000000e+00,1.000000000000000000e+00,1.509433962264150955e-02,4.212692967409948919e-01
1.000000000000000000e+00,1.000000000000000000e+00,1.446540880503144680e-02,4.037164093767867667e-01
1.000000000000000000e+00,1.000000000000000000e+00,1.462264150943396075e-02,4.081046312178387980e-01
1.000000000000000000e+00,1.000000000000000000e+00,1.525157232704402524e-02,4.256575185820469232e-01
0.000000000000000000e+00,0.000000000000000000e+00,6.999999999999999556e-01,0.000000000000000000e+00
1.000000000000000000e+00,1.000000000000000000e+00,1.556603773584905662e-02,4.344339622641509857e-01
1.000000000000000000e+00,1.000000000000000000e+00,0.000000000000000000e+00,4.700000000000000844e-01
1.000000000000000000e+00,1.000000000000000000e+00,1.415094339622641542e-02,3.949399656946827042e-01
0.000000000000000000e+00,0.000000000000000000e+00,6.500000000000000222e-01,0.000000000000000000e+00
0.000000000000000000e+00,0.000000000000000000e+00,6.250000000000000000e-01,0.000000000000000000e+00
0.000000000000000000e+00,0.000000000000000000e+00,6.928571428571428381e-01,0.000000000000000000e+00
1.000000000000000000e+00,1.000000000000000000e+00,1.462264150943396075e-02,4.081046312178387980e-01
0.000000000000000000e+00,0.000000000000000000e+00,7.142857142857143016e-01,0.000000000000000000e+00
1.000000000000000000e+00,1.000000000000000000e+00,1.493710691823899213e-02,4.168810748999428606e-01
1.000000000000000000e+00,1.000000000000000000e+00,1.493710691823899213e-02,4.168810748999428606e-01
1.000000000000000000e+00,1.000000000000000000e+00,1.493710691823899213e-02,4.168810748999428606e-01
0.000000000000000000e+00,0.000000000000000000e+00,7.142857142857143016e-01,0.000000000000000000e+00
1.000000000000000000e+00,0.000000000000000000e+00,0.000000000000000000e+00,6.857142857142857206e-01
1.000000000000000000e+00,1.000000000000000000e+00,1.525157232704402524e-02,4.256575185820469232e-01
0.000000000000000000e+00,0.000000000000000000e+00,6.571428571428571397e-01,0.000000000000000000e+00
1.000000000000000000e+00,1.000000000000000000e+00,1.509433962264150955e-02,4.212692967409948919e-01
1.000000000000000000e+00,1.000000000000000000e+00,1.415094339622641542e-02,3.949399656946827042e-01
0.000000000000000000e+00,0.000000000000000000e+00,7.071428571428571841e-01,0.000000000000000000e+00
1.000000000000000000e+00,1.000000000000000000e+00,1.556603773584905662e-02,4.344339622641509857e-01
1.000000000000000000e+00,1.000000000000000000e+00,1.572327044025157231e-02,4.388221841052030170e-01
1.000000000000000000e+00,1.000000000000000000e+00,1.525157232704402524e-02,4.256575185820469232e-01
0.000000000000000000e+00,0.000000000000000000e+00,5.555555555555555802e-01,0.000000000000000000e+00
1.000000000000000000e+00,1.000000000000000000e+00,1.525157232704402524e-02,4.256575185820469232e-01
1.000000000000000000e+00,1.000000000000000000e+00,1.493710691823899213e-02,4.168810748999428606e-01
0.000000000000000000e+00,0.000000000000000000e+00,7.071428571428571841e-01,0.000000000000000000e+00
0.000000000000000000e+00,0.000000000000000000e+00,6.999999999999999556e-01,0.000000000000000000e+00
1.000000000000000000e+00,1.000000000000000000e+00,1.415094339622641542e-02,3.949399656946827042e-01
1.000000000000000000e+00,1.000000000000000000e+00,1.525157232704402524e-02,4.256575185820469232e-01
1.000000000000000000e+00,1.000000000000000000e+00,1.415094339622641542e-02,3.949399656946827042e-01
1.000000000000000000e+00,1.000000000000000000e+00,1.430817610062893111e-02,3.993281875357347355e-01
1.000000000000000000e+00,1.000000000000000000e+00,1.446540880503144680e-02,4.037164093767867667e-01
1.000000000000000000e+00,1.000000000000000000e+00,1.415094339622641542e-02,3.949399656946827042e-01
0.000000000000000000e+00,0.000000000000000000e+00,7.142857142857143016e-01,0.000000000000000000e+00
1.000000000000000000e+00,1.000000000000000000e+00,1.540880503144654093e-02,4.300457404230989544e-01
1.000000000000000000e+00,1.000000000000000000e+00,1.415094339622641542e-02,3.949399656946827042e-01
1.000000000000000000e+00,1.000000000000000000e+00,0.000000000000000000e+00,5.388888888888888618e-01
1.000000000000000000e+00,1.000000000000000000e+00,1.740181268882175572e-02,4.625981873111782439e-01
1.000000000000000000e+00,1.000000000000000000e+00,1.703927492447130168e-02,4.529607250755287029e-01
0.000000000000000000e+00,0.000000000000000000e+00,6.428571428571429047e-01,0.000000000000000000e+00
1.000000000000000000e+00,1.000000000000000000e+00,1.667673716012085111e-02,4.433232628398792174e-01
0.000000000000000000e+00,0.000000000000000000e+00,6.500000000000000222e-01,0.000000000000000000e+00
0.000000000000000000e+00,0.000000000000000000e+00,6.428571428571429047e-01,0.000000000000000000e+00
1.000000000000000000e+00,1.000000000000000000e+00,1.703927492447130168e-02,4.529607250755287029e-01
0.000000000000000000e+00,0.000000000000000000e+00,6.642857142857142572e-01,0.000000000000000000e+00
1.000000000000000000e+00,1.000000000000000000e+00,1.812688821752266380e-02,4.818731117824773813e-01
1.000000000000000000e+00,1.000000000000000000e+00,1.812688821752266380e-02,4.818731117824773813e-01
1.000000000000000000e+00,1.000000000000000000e+00,1.776435045317220976e-02,4.722356495468278403e-01
0.000000000000000000e+00,0.000000000000000000e+00,6.571428571428571397e-01,0.000000000000000000e+00
1.000000000000000000e+00,1.000000000000000000e+00,1.703927492447130168e-02,4.529607250755287029e-01
1.000000000000000000e+00,1.000000000000000000e+00,1.649546827794562409e-02,4.385045317220544470e-01
0.000000000000000000e+00,0.000000000000000000e+00,6.571428571428571397e-01,0.000000000000000000e+00
0.000000000000000000e+00,0.000000000000000000e+00,6.928571428571428381e-01,0.000000000000000000e+00
0.000000000000000000e+00,0.000000000000000000e+00,7.142857142857143016e-01,0.000000000000000000e+00
0.000000000000000000e+00,0.000000000000000000e+00,6.999999999999999556e-01,0.000000000000000000e+00
0.000000000000000000e+00,0.000000000000000000e+00,6.500000000000000222e-01,0.000000000000000000e+00
0.000000000000000000e+00,0.000000000000000000e+00,6.642857142857142572e-01,0.000000000000000000e+00
1.000000000000000000e+00,0.000000000000000000e+00,1.649546827794562409e-02,4.385045317220544470e-01
1.000000000000000000e+00,1.000000000000000000e+00,1.703927492447130168e-02,4.529607250755287029e-01
1.000000000000000000e+00,1.000000000000000000e+00,1.649546827794562409e-02,4.385045317220544470e-01
1.000000000000000000e+00,1.000000000000000000e+00,1.649546827794562409e-02,4.385045317220544470e-01
1.000000000000000000e+00,1.000000000000000000e+00,1.740181268882175572e-02,4.625981873111782439e-01
0.000000000000000000e+00,0.000000000000000000e+00,6.062499999999999556e-01,0.000000000000000000e+00
1.000000000000000000e+00,1.000000000000000000e+00,1.631419939577039707e-02,4.336858006042296765e-01
1.000000000000000000e+00,1.000000000000000000e+00,1.776435045317220976e-02,4.722356495468278403e-01
0.000000000000000000e+00,0.000000000000000000e+00,6.785714285714286031e-01,0.000000000000000000e+00
0.000000000000000000e+00,0.000000000000000000e+00,6.714285714285713746e-01,0.000000000000000000e+00
1.000000000000000000e+00,1.000000000000000000e+00,1.812688821752266380e-02,4.818731117824773813e-01
1.000000000000000000e+00,1.000000000000000000e+00,1.649546827794562409e-02,4.385045317220544470e-01
1.000000000000000000e+00,0.000000000000000000e+00,0.000000000000000000e+00,6.428571428571429047e-01
1.000000000000000000e+00,1.000000000000000000e+00,1.667673716012085111e-02,4.433232628398792174e-01
0.000000000000000000e+00,0.000000000000000000e+00,6.999999999999999556e-01,0.000000000000000000e+00
0.000000000000000000e+00,0.000000000000000000e+00,6.428571428571429047e-01,0.000000000000000000e+00
0.000000000000000000e+00,0.000000000000000000e+00,6.857142857142857206e-01,0.000000000000000000e+00
0.000000000000000000e+00,1.000000000000000000e+00,6.857142857142857206e-01,0.000000000000000000e+00
1.000000000000000000e+00,0.000000000000000000e+00,1.703927492447130168e-02,4.529607250755287029e-01
0.000000000000000000e+00,0.000000000000000000e+00,6.785714285714286031e-01,0.000000000000000000e+00
0.000000000000000000e+00,0.000000000000000000e+00,6.785714285714286031e-01,0.000000000000000000e+00
1.000000000000000000e+00,1.000000000000000000e+00,1.812688821752266380e-02,4.818731117824773813e-01
1.000000000000000000e+00,1.000000000000000000e+00,1.631419939577039707e-02,4.336858006042296765e-01
1.000000000000000000e+00,1.000000000000000000e+00,1.667673716012085111e-02,4.433232628398792174e-01
0.000000000000000000e+00,0.000000000000000000e+00,6.714285714285713746e-01,0.000000000000000000e+00
1.000000000000000000e+00,1.000000000000000000e+00,1.703927492447130168e-02,4.529607250755287029e-01
1.000000000000000000e+00,1.000000000000000000e+00,1.812688821752266380e-02,4.818731117824773813e-01
0.000000000000000000e+00,0.000000000000000000e+00,6.785714285714286031e-01,0.000000000000000000e+00
1.000000000000000000e+00,1.000000000000000000e+00,1.685800604229607466e-02,4.481419939577039324e-01
1.000000000000000000e+00,1.000000000000000000e+00,1.631419939577039707e-02,4.336858006042296765e-01
0.000000000000000000e+00,0.000000000000000000e+00,6.785714285714286031e-01,0.000000000000000000e+00
1.000000000000000000e+00,1.000000000000000000e+00,1.631419939577039707e-02,4.336858006042296765e-01
0.000000000000000000e+00,0.000000000000000000e+00,6.642857142857142572e-01,0.000000000000000000e+00
0.000000000000000000e+00,0.000000000000000000e+00,6.928571428571428381e-01,0.000000000000000000e+00
0.000000000000000000e+00,1.000000000000000000e+00,6.187500000000000222e-01,0.000000000000000000e+00
1.000000000000000000e+00,1.000000000000000000e+00,1.776435045317220976e-02,4.722356495468278403e-01
1.000000000000000000e+00,1.000000000000000000e+00,1.791838134430727078e-02,5.098593964334705575e-01
1.000000000000000000e+00,1.000000000000000000e+00,1.886145404663923386e-02,5.366941015089163880e-01
1.000000000000000000e+00,1.000000000000000000e+00,1.754115226337448624e-02,4.991255144032922253e-01
1.000000000000000000e+00,1.000000000000000000e+00,1.735253772290809571e-02,4.937585733882031147e-01
0.000000000000000000e+00,0.000000000000000000e+00,6.125000000000000444e-01,0.000000000000000000e+00
0.000000000000000000e+00,0.000000000000000000e+00,6.714285714285713746e-01,0.000000000000000000e+00
1.000000000000000000e+00,1.000000000000000000e+00,1.716392318244170170e-02,4.883916323731139486e-01
0.000000000000000000e+00,0.000000000000000000e+00,7.142857142857143016e-01,0.000000000000000000e+00
1.000000000000000000e+00,1.000000000000000000e+00,1.772976680384088025e-02,5.044924554183813914e-01
1.000000000000000000e+00,1.000000000000000000e+00,1.848422496570644932e-02,5.259602194787380558e-01
0.000000000000000000e+00,0.000000000000000000e+00,5.999999999999999778e-01,0.000000000000000000e+00
0.000000000000000000e+00,1.000000000000000000e+00,5.222222222222222543e-01,0.000000000000000000e+00
1.000000000000000000e+00,1.000000000000000000e+00,1.697530864197531117e-02,4.830246913580247825e-01
1.000000000000000000e+00,1.000000000000000000e+00,1.754115226337448624e-02,4.991255144032922253e-01
1.000000000000000000e+00,1.000000000000000000e+00,1.697530864197531117e-02,4.830246913580247825e-01
1.000000000000000000e+00,1.000000000000000000e+00,1.772976680384088025e-02,5.044924554183813914e-01
1.000000000000000000e+00,0.000000000000000000e+00,0.000000000000000000e+00,6.250000000000000000e-01
0.000000000000000000e+00,0.000000000000000000e+00,6.250000000000000000e-01,0.000000000000000000e+00
0.000000000000000000e+00,0.000000000000000000e+00,7.071428571428571841e-01,0.000000000000000000e+00
1.000000000000000000e+00,1.000000000000000000e+00,1.829561042524005532e-02,5.205932784636488897e-01
0.000000000000000000e+00,0.000000000000000000e+00,5.750000000000000666e-01,0.000000000000000000e+00
0.000000000000000000e+00,0.000000000000000000e+00,6.571428571428571397e-01,0.000000000000000000e+00
1.000000000000000000e+00,1.000000000000000000e+00,1.716392318244170170e-02,4.883916323731139486e-01
0.000000000000000000e+00,0.000000000000000000e+00,6.857142857142857206e-01,0.000000000000000000e+00
1.000000000000000000e+00,1.000000000000000000e+00,1.886145404663923386e-02,5.366941015089163880e-01
0.000000000000000000e+00,0.000000000000000000e+00,6.500000000000000222e-01,0.000000000000000000e+00
1.000000000000000000e+00,1.000000000000000000e+00,1.716392318244170170e-02,4.883916323731139486e-01
0.000000000000000000e+00,0.000000000000000000e+00,5.333333333333333259e-01,0.000000000000000000e+00
1.000000000000000000e+00,1.000000000000000000e+00,1.754115226337448624e-02,4.991255144032922253e-01
1.000000000000000000e+00,1.000000000000000000e+00,1.772976680384088025e-02,5.044924554183813914e-01
1.000000000000000000e+00,1.000000000000000000e+00,1.829561042524005532e-02,5.205932784636488897e-01
0.000000000000000000e+00,0.000000000000000000e+00,7.071428571428571841e-01,0.000000000000000000e+00
0.000000000000000000e+00,0.000000000000000000e+00,6.571428571428571397e-01,0.000000000000000000e+00
0.000000000000000000e+00,0.000000000000000000e+00,7.071428571428571841e-01,0.000000000000000000e+00
0.000000000000000000e+00,0.000000000000000000e+00,6.857142857142857206e-01,0.000000000000000000e+00
0.000000000000000000e+00,0.000000000000000000e+00,6.928571428571428381e-01,0.000000000000000000e+00
1.000000000000000000e+00,1.000000000000000000e+00,1.829561042524005532e-02,5.205932784636488897e-01
0.000000000000000000e+00,0.000000000000000000e+00,6.642857142857142572e-01,0.000000000000000000e+00
1.000000000000000000e+00,1.000000000000000000e+00,1.810699588477366478e-02,5.152263374485597236e-01
1.000000000000000000e+00,1.000000000000000000e+00,1.754115226337448624e-02,4.991255144032922253e-01
1.000000000000000000e+00,1.000000000000000000e+00,1.848422496570644932e-02,5.259602194787380558e-01
1.000000000000000000e+00,1.000000000000000000e+00,1.886145404663923386e-02,5.366941015089163880e-01
1.000000000000000000e+00,0.000000000000000000e+00,1.791838134430727078e-02,5.098593964334705575e-01
1.000000000000000000e+00,1.000000000000000000e+00,1.754115226337448624e-02,4.991255144032922253e-01
0.000000000000000000e+00,1.000000000000000000e+00,6.928571428571428381e-01,0.000000000000000000e+00
1.000000000000000000e+00,0.000000000000000000e+00,1.791838134430727078e-02,5.098593964334705575e-01
1.000000000000000000e+00,1.000000000000000000e+00,1.735253772290809571e-02,4.937585733882031147e-01
1.000000000000000000e+00,1.000000000000000000e+00,1.716392318244170170e-02,4.883916323731139486e-01
1.000000000000000000e+00,1.000000000000000000e+00,1.791838134430727078e-02,5.098593964334705575e-01
1.000000000000000000e+00,1.000000000000000000e+00,1.829561042524005532e-02,5.205932784636488897e-01
0.000000000000000000e+00,0.000000000000000000e+00,7.142857142857143016e-01,0.000000000000000000e+00
1.000000000000000000e+00,1.000000000000000000e+00,1.848422496570644932e-02,5.259602194787380558e-01
1.000000000000000000e+00,0.000000000000000000e+00,1.735253772290809571e-02,4.937585733882031147e-01
0.000000000000000000e+00,0.000000000000000000e+00,6.571428571428571397e-01,0.000000000000000000e+00
1.000000000000000000e+00,1.000000000000000000e+00,1.810699588477366478e-02,5.152263374485597236e-01
1.000000000000000000e+00,1.000000000000000000e+00,1.772976680384088025e-02,5.044924554183813914e-01
1.000000000000000000e+00,1.000000000000000000e+00,1.867283950617283986e-02,5.313271604938272219e-01
1.000000000000000000e+00,0.000000000000000000e+00,1.387850467289719787e-02,4.811214953271028549e-01
0.000000000000000000e+00,1.000000000000000000e+00,6.187500000000000222e-01,0.000000000000000000e+00
0.000000000000000000e+00,0.000000000000000000e+00,5.625000000000000000e-01,0.000000000000000000e+00
1.000000000000000000e+00,1.000000000000000000e+00,1.289719626168224498e-02,4.471028037383178444e-01
0.000000000000000000e+00,0.000000000000000000e+00,6.928571428571428381e-01,0.000000000000000000e+00
0.000000000000000000e+00,0.000000000000000000e+00,6.857142857142857206e-01,0.000000000000000000e+00
0.000000000000000000e+00,0.000000000000000000e+00,5.055555555555556468e-01,0.000000000000000000e+00
1.000000000000000000e+00,1.000000000000000000e+00,1.387850467289719787e-02,4.811214953271028549e-01
1.000000000000000000e+00,1.000000000000000000e+00,1.261682242990654415e-02,4.373831775700935398e-01
1.000000000000000000e+00,1.000000000000000000e+00,1.317757009345794407e-02,4.568224299065420935e-01
0.000000000000000000e+00,0.000000000000000000e+00,6.571428571428571397e-01,0.000000000000000000e+00
0.000000000000000000e+00,0.000000000000000000e+00,6.571428571428571397e-01,0.000000000000000000e+00
1.000000000000000000e+00,1.000000000000000000e+00,1.331775700934579448e-02,4.616822429906542458e-01
1.000000000000000000e+00,0.000000000000000000e+00,1.345794392523364663e-02,4.665420560747663981e-01
0.000000000000000000e+00,0.000000000000000000e+00,6.250000000000000000e-01,0.000000000000000000e+00
1.000000000000000000e+00,1.000000000000000000e+00,0.000000000000000000e+00,5.333333333333333259e-01
1.000000000000000000e+00,1.000000000000000000e+00,1.317757009345794407e-02,4.568224299065420935e-01
1.000000000000000000e+00,1.000000000000000000e+00,1.289719626168224498e-02,4.471028037383178444e-01
1.000000000000000000e+00,0.000000000000000000e+00,1.387850467289719787e-02,4.811214953271028549e-01
1.000000000000000000e+00,1.000000000000000000e+00,1.401869158878504829e-02,4.859813084112150072e-01
1.000000000000000000e+00,0.000000000000000000e+00,1.275700934579439456e-02,4.422429906542056921e-01
0.000000000000000000e+00,0.000000000000000000e+00,6.571428571428571397e-01,0.000000000000000000e+00
1.000000000000000000e+00,1.000000000000000000e+00,1.289719626168224498e-02,4.471028037383178444e-01
1.000000000000000000e+00,1.000000000000000000e+00,1.359813084112149704e-02,4.714018691588785503e-01
1.000000000000000000e+00,1.000000000000000000e+00,1.303738317757009366e-02,4.519626168224299412e-01
1.000000000000000000e+00,1.000000000000000000e+00,1.387850467289719787e-02,4.811214953271028549e-01
1.000000000000000000e+00,0.000000000000000000e+00,0.000000000000000000e+00,6.125000000000000444e-01
0.000000000000000000e+00,0.000000000000000000e+00,6.571428571428571397e-01,0.000000000000000000e+00
1.000000000000000000e+00,1.000000000000000000e+00,1.317757009345794407e-02,4.568224299065420935e-01
0.000000000000000000e+00,0.000000000000000000e+00,6.250000000000000000e-01,0.000000000000000000e+00
1.000000000000000000e+00,1.000000000000000000e+00,1.275700934579439456e-02,4.422429906542056921e-01
1.000000000000000000e+00,1.000000000000000000e+00,1.275700934579439456e-02,4.422429906542056921e-01
1.000000000000000000e+00,1.000000000000000000e+00,1.345794392523364663e-02,4.665420560747663981e-01
1.000000000000000000e+00,1.000000000000000000e+00,1.331775700934579448e-02,4.616822429906542458e-01
1.000000000000000000e+00,1.000000000000000000e+00,1.275700934579439456e-02,4.422429906542056921e-01
1.000000000000000000e+00,1.000000000000000000e+00,1.303738317757009366e-02,4.519626168224299412e-01
0.000000000000000000e+00,0.000000000000000000e+00,6.928571428571428381e-01,0.000000000000000000e+00
1.000000000000000000e+00,1.000000000000000000e+00,1.373831775700934746e-02,4.762616822429907026e-01
1.000000000000000000e+00,0.000000000000000000e+00,1.373831775700934746e-02,4.762616822429907026e-01
1.000000000000000000e+00,1.000000000000000000e+00,1.373831775700934746e-02,4.762616822429907026e-01
1.000000000000000000e+00,1.000000000000000000e+00,1.359813084112149704e-02,4.714018691588785503e-01
1.000000000000000000e+00,1.000000000000000000e+00,1.261682242990654415e-02,4.373831775700935398e-01
1.000000000000000000e+00,1.000000000000000000e+00,1.275700934579439456e-02,4.422429906542056921e-01
0.000000000000000000e+00,0.000000000000000000e+00,6.428571428571429047e-01,0.000000000000000000e+00
0.000000000000000000e+00,0.000000000000000000e+00,6.928571428571428381e-01,0.000000000000000000e+00
1.000000000000000000e+00,1.000000000000000000e+00,1.303738317757009366e-02,4.519626168224299412e-01
0.000000000000000000e+00,0.000000000000000000e+00,6.500000000000000222e-01,0.000000000000000000e+00
0.000000000000000000e+00,0.000000000000000000e+00,6.642857142857142572e-01,0.000000000000000000e+00
1.000000000000000000e+00,1.000000000000000000e+00,1.359813084112149704e-02,4.714018691588785503e-01
1.000000000000000000e+00,1.000000000000000000e+00,1.373831775700934746e-02,4.762616822429907026e-01
1.000000000000000000e+00,1.000000000000000000e+00,1.317757009345794407e-02,4.568224299065420935e-01
1.000000000000000000e+00,1.000000000000000000e+00,1.261682242990654415e-02,4.373831775700935398e-01
1.000000000000000000e+00,1.000000000000000000e+00,1.345794392523364663e-02,4.665420560747663981e-01
1.000000000000000000e+00,1.000000000000000000e+00,1.401869158878504829e-02,4.859813084112150072e-01
1.000000000000000000e+00,1.000000000000000000e+00,1.289719626168224498e-02,4.471028037383178444e-01
1.000000000000000000e+00,1.000000000000000000e+00,1.317757009345794407e-02,4.568224299065420935e-01
1.000000000000000000e+00,1.000000000000000000e+00,1.331775700934579448e-02,4.616822429906542458e-01
1.000000000000000000e+00,1.000000000000000000e+00,2.873452012383901147e-02,5.900154798761610975e-01
0.000000000000000000e+00,0.000000000000000000e+00,6.642857142857142572e-01,0.000000000000000000e+00
1.000000000000000000e+00,1.000000000000000000e+00,2.844427244582043574e-02,5.840557275541796711e-01
1.000000000000000000e+00,1.000000000000000000e+00,2.902476780185758720e-02,5.959752321981425238e-01
1.000000000000000000e+00,1.000000000000000000e+00,2.612229102167182987e-02,5.363777089783282603e-01
0.000000000000000000e+00,0.000000000000000000e+00,6.714285714285713746e-01,0.000000000000000000e+00
0.000000000000000000e+00,0.000000000000000000e+00,6.857142857142857206e-01,0.000000000000000000e+00
1.000000000000000000e+00,1.000000000000000000e+00,2.699303405572755360e-02,5.542569659442725394e-01
1.000000000000000000e+00,1.000000000000000000e+00,2.757352941176470507e-02,5.661764705882353921e-01
1.000000000000000000e+00,1.000000000000000000e+00,2.844427244582043574e-02,5.840557275541796711e-01
0.000000000000000000e+00,0.000000000000000000e+00,5.333333333333333259e-01,0.000000000000000000e+00
1.000000000000000000e+00,1.000000000000000000e+00,2.873452012383901147e-02,5.900154798761610975e-01
0.000000000000000000e+00,0.000000000000000000e+00,7.071428571428571841e-01,0.000000000000000000e+00
0.000000000000000000e+00,0.000000000000000000e+00,6.571428571428571397e-01,0.000000000000000000e+00
1.000000000000000000e+00,1.000000000000000000e+00,2.670278637770898134e-02,5.482972136222911130e-01
0.000000000000000000e+00,0.000000000000000000e+00,6.999999999999999556e-01,0.000000000000000000e+00
1.000000000000000000e+00,1.000000000000000000e+00,2.699303405572755360e-02,5.542569659442725394e-01
0.000000000000000000e+00,0.000000000000000000e+00,6.500000000000000222e-01,0.000000000000000000e+00
0.000000000000000000e+00,0.000000000000000000e+00,6.642857142857142572e-01,0.000000000000000000e+00
1.000000000000000000e+00,1.000000000000000000e+00,2.670278637770898134e-02,5.482972136222911130e-01
1.000000000000000000e+00,1.000000000000000000e+00,2.786377708978328427e-02,5.721362229102168184e-01
1.000000000000000000e+00,1.000000000000000000e+00,2.612229102167182987e-02,5.363777089783282603e-01
1.000000000000000000e+00,1.000000000000000000e+00,2.815402476780186000e-02,5.780959752321982448e-01
1.000000000000000000e+00,1.000000000000000000e+00,2.728328173374612933e-02,5.602167182662539657e-01
1.000000000000000000e+00,1.000000000000000000e+00,2.728328173374612933e-02,5.602167182662539657e-01
1.000000000000000000e+00,1.000000000000000000e+00,2.786377708978328427e-02,5.721362229102168184e-01
0.000000000000000000e+00,0.000000000000000000e+00,7.142857142857143016e-01,0.000000000000000000e+00
0.000000000000000000e+00,0.000000000000000000e+00,6.714285714285713746e-01,0.000000000000000000e+00
1.000000000000000000e+00,1.000000000000000000e+00,2.641253869969040560e-02,5.423374613003096867e-01
1.000000000000000000e+00,1.000000000000000000e+00,2.786377708978328427e-02,5.721362229102168184e-01
1.000000000000000000e+00,1.000000000000000000e+00,2.902476780185758720e-02,5.959752321981425238e-01
1.000000000000000000e+00,1.000000000000000000e+00,2.873452012383901147e-02,5.900154798761610975e-01
0.000000000000000000e+00,1.000000000000000000e+00,6.714285714285713746e-01,0.000000000000000000e+00
1.000000000000000000e+00,1.000000000000000000e+00,2.641253869969040560e-02,5.423374613003096867e-01
1.000000000000000000e+00,1.000000000000000000e+00,2.728328173374612933e-02,5.602167182662539657e-01
1.000000000000000000e+00,1.000000000000000000e+00,2.815402476780186000e-02,5.780959752321982448e-01
1.000000000000000000e+00,1.000000000000000000e+00,2.699303405572755360e-02,5.542569659442725394e-01
1.000000000000000000e+00,1.000000000000000000e+00,2.786377708978328427e-02,5.721362229102168184e-01
0.000000000000000000e+00,0.000000000000000000e+00,6.428571428571429047e-01,0.000000000000000000e+00
1.000000000000000000e+00,1.000000000000000000e+00,2.815402476780186000e-02,5.780959752321982448e-01
1.000000000000000000e+00,1.000000000000000000e+00,2.902476780185758720e-02,5.959752321981425238e-01
1.000000000000000000e+00,1.000000000000000000e+00,2.670278637770898134e-02,5.482972136222911130e-01
1.000000000000000000e+00,1.000000000000000000e+00,2.757352941176470507e-02,5.661764705882353921e-01
1.000000000000000000e+00,1.000000000000000000e+00,2.670278637770898134e-02,5.482972136222911130e-01
0.000000000000000000e+00,0.000000000000000000e+00,6.857142857142857206e-01,0.000000000000000000e+00
1.000000000000000000e+00,1.000000000000000000e+00,2.728328173374612933e-02,5.602167182662539657e-01
1.000000000000000000e+00,1.000000000000000000e+00,2.641253869969040560e-02,5.423374613003096867e-01
0.000000000000000000e+00,0.000000000000000000e+00,6.714285714285713746e-01,0.000000000000000000e+00
0.000000000000000000e+00,0.000000000000000000e+00,6.999999999999999556e-01,0.000000000000000000e+00
0.000000000000000000e+00,0.000000000000000000e+00,6.999999999999999556e-01,0.000000000000000000e+00
0.000000000000000000e+00,0.000000000000000000e+00,6.857142857142857206e-01,0.000000000000000000e+00
1.000000000000000000e+00,1.000000000000000000e+00,2.728328173374612933e-02,5.602167182662539657e-01
1.000000000000000000e+00,1.000000000000000000e+00,2.612229102167182987e-02,5.363777089783282603e-01
1.000000000000000000e+00,0.000000000000000000e+00,2.728328173374612933e-02,5.602167182662539657e-01
1.000000000000000000e+00,1.000000000000000000e+00,2.757352941176470507e-02,5.661764705882353921e-01
1.000000000000000000e+00,1.000000000000000000e+00,2.902476780185758720e-02,5.959752321981425238e-01
1.000000000000000000e+00,1.000000000000000000e+00,2.699303405572755360e-02,5.542569659442725394e-01
1.000000000000000000e+00,1.000000000000000000e+00,3.447580645161290452e-02,5.842741935483871663e-01
1.000000000000000000e+00,1.000000000000000000e+00,3.203812316715543007e-02,5.429618768328445810e-01
0.000000000000000000e+00,0.000000000000000000e+00,6.428571428571429047e-01,0.000000000000000000e+00
1.000000000000000000e+00,1.000000000000000000e+00,3.412756598240469785e-02,5.783724340175953049e-01
0.000000000000000000e+00,0.000000000000000000e+00,6.500000000000000222e-01,0.000000000000000000e+00
0.000000000000000000e+00,0.000000000000000000e+00,6.571428571428571397e-01,0.000000000000000000e+00
0.000000000000000000e+00,0.000000000000000000e+00,7.071428571428571841e-01,0.000000000000000000e+00
1.000000000000000000e+00,1.000000000000000000e+00,3.447580645161290452e-02,5.842741935483871663e-01
1.000000000000000000e+00,1.000000000000000000e+00,3.134164222873900979e-02,5.311583577712610804e-01
0.000000000000000000e+00,0.000000000000000000e+00,6.187500000000000222e-01,0.000000000000000000e+00
0.000000000000000000e+00,0.000000000000000000e+00,6.714285714285713746e-01,0.000000000000000000e+00
1.000000000000000000e+00,1.000000000000000000e+00,3.203812316715543007e-02,5.429618768328445810e-01
0.000000000000000000e+00,0.000000000000000000e+00,6.785714285714286031e-01,0.000000000000000000e+00
1.000000000000000000e+00,1.000000000000000000e+00,3.343108504398827063e-02,5.665689149560116933e-01
1.000000000000000000e+00,1.000000000000000000e+00,3.134164222873900979e-02,5.311583577712610804e-01
1.000000000000000000e+00,1.000000000000000000e+00,3.168988269794721646e-02,5.370601173020528307e-01
1.000000000000000000e+00,1.000000000000000000e+00,3.482404692082111813e-02,5.901759530791789166e-01
1.000000000000000000e+00,0.000000000000000000e+00,3.343108504398827063e-02,5.665689149560116933e-01
0.000000000000000000e+00,0.000000000000000000e+00,6.714285714285713746e-01,0.000000000000000000e+00
1.000000000000000000e+00,1.000000000000000000e+00,3.308284457478006396e-02,5.606671554252199430e-01
0.000000000000000000e+00,0.000000000000000000e+00,5.750000000000000666e-01,0.000000000000000000e+00
1.000000000000000000e+00,1.000000000000000000e+00,3.203812316715543007e-02,5.429618768328445810e-01
0.000000000000000000e+00,0.000000000000000000e+00,6.785714285714286031e-01,0.000000000000000000e+00
1.000000000000000000e+00,1.000000000000000000e+00,3.203812316715543007e-02,5.429618768328445810e-01
1.000000000000000000e+00,1.000000000000000000e+00,3.343108504398827063e-02,5.665689149560116933e-01
1.000000000000000000e+00,1.000000000000000000e+00,3.238636363636363674e-02,5.488636363636363313e-01
0.000000000000000000e+00,0.000000000000000000e+00,6.999999999999999556e-01,0.000000000000000000e+00
0.000000000000000000e+00,0.000000000000000000e+00,6.500000000000000222e-01,0.000000000000000000e+00
1.000000000000000000e+00,1.000000000000000000e+00,3.482404692082111813e-02,5.901759530791789166e-01
0.000000000000000000e+00,0.000000000000000000e+00,6.857142857142857206e-01,0.000000000000000000e+00
0.000000000000000000e+00,0.000000000000000000e+00,6.642857142857142572e-01,0.000000000000000000e+00
1.000000000000000000e+00,1.000000000000000000e+00,3.343108504398827063e-02,5.665689149560116933e-01
1.000000000000000000e+00,1.000000000000000000e+00,3.134164222873900979e-02,5.311583577712610804e-01
0.000000000000000000e+00,0.000000000000000000e+00,7.071428571428571841e-01,0.000000000000000000e+00
1.000000000000000000e+00,1.000000000000000000e+00,3.203812316715543007e-02,5.429618768328445810e-01
1.000000000000000000e+00,1.000000000000000000e+00,3.168988269794721646e-02,5.370601173020528307e-01
0.000000000000000000e+00,0.000000000000000000e+00,7.142857142857143016e-01,0.000000000000000000e+00
0.000000000000000000e+00,0.000000000000000000e+00,5.687499999999999778e-01,0.000000000000000000e+00
1.000000000000000000e+00,1.000000000000000000e+00,3.482404692082111813e-02,5.901759530791789166e-01
0.000000000000000000e+00,0.000000000000000000e+00,6.714285714285713746e-01,0.000000000000000000e+00
0.000000000000000000e+00,0.000000000000000000e+00,7.071428571428571841e-01,0.000000000000000000e+00
1.000000000000000000e+00,1.000000000000000000e+00,3.134164222873900979e-02,5.311583577712610804e-01
0.000000000000000000e+00,0.000000000000000000e+00,6.642857142857142572e-01,0.000000000000000000e+00
0.000000000000000000e+00,0.000000000000000000e+00,6.642857142857142572e-01,0.000000000000000000e+00
1.000000000000000000e+00,1.000000000000000000e+00,3.447580645161290452e-02,5.842741935483871663e-01
0.000000000000000000e+00,0.000000000000000000e+00,6.428571428571429047e-01,0.000000000000000000e+00
1.000000000000000000e+00,0.000000000000000000e+00,3.308284457478006396e-02,5.606671554252199430e-01
1.000000000000000000e+00,1.000000000000000000e+00,3.412756598240469785e-02,5.783724340175953049e-01
1.000000000000000000e+00,1.000000000000000000e+00,3.168988269794721646e-02,5.370601173020528307e-01
1.000000000000000000e+00,1.000000000000000000e+00,3.273460410557185035e-02,5.547653958944281927e-01
1.000000000000000000e+00,1.000000000000000000e+00,3.238636363636363674e-02,5.488636363636363313e-01
0.000000000000000000e+00,0.000000000000000000e+00,6.999999999999999556e-01,0.000000000000000000e+00
0.000000000000000000e+00,0.000000000000000000e+00,6.928571428571428381e-01,0.000000000000000000e+00
0.000000000000000000e+00,0.000000000000000000e+00,6.500000000000000222e-01,0.000000000000000000e+00
1.000000000000000000e+00,1.000000000000000000e+00,3.412756598240469785e-02,5.783724340175953049e-01
1.000000000000000000e+00,1.000000000000000000e+00,3.308284457478006396e-02,5.606671554252199430e-01
1.000000000000000000e+00,1.000000000000000000e+00,3.238636363636363674e-02,5.488636363636363313e-01
1.000000000000000000e+00,1.000000000000000000e+00,3.225746268656717181e-02,5.364925373134329378e-01
1.000000000000000000e+00,1.000000000000000000e+00,3.367537313432836243e-02,5.600746268656716653e-01
0.000000000000000000e+00,0.000000000000000000e+00,6.125000000000000444e-01,0.000000000000000000e+00
0.000000000000000000e+00,0.000000000000000000e+00,6.785714285714286031e-01,0.000000000000000000e+00
0.000000000000000000e+00,0.000000000000000000e+00,6.250000000000000000e-01,0.000000000000000000e+00
1.000000000000000000e+00,1.000000000000000000e+00,3.296641791044776365e-02,5.482835820895521906e-01
0.000000000000000000e+00,0.000000000000000000e+00,7.071428571428571841e-01,0.000000000000000000e+00
1.000000000000000000e+00,1.000000000000000000e+00,3.261194029850746773e-02,5.423880597014926197e-01
1.000000000000000000e+00,1.000000000000000000e+00,3.438432835820896122e-02,5.718656716417910291e-01
1.000000000000000000e+00,0.000000000000000000e+00,3.402985074626865836e-02,5.659701492537313472e-01
1.000000000000000000e+00,0.000000000000000000e+00,0.000000000000000000e+00,6.062499999999999556e-01
1.000000000000000000e+00,1.000000000000000000e+00,3.367537313432836243e-02,5.600746268656716653e-01
0.000000000000000000e+00,0.000000000000000000e+00,5.937500000000000000e-01,0.000000000000000000e+00
1.000000000000000000e+00,1.000000000000000000e+00,3.509328358208956000e-02,5.836567164179105038e-01
1.000000000000000000e+00,0.000000000000000000e+00,0.000000000000000000e+00,6.187500000000000222e-01
1.000000000000000000e+00,1.000000000000000000e+00,3.296641791044776365e-02,5.482835820895521906e-01
1.000000000000000000e+00,1.000000000000000000e+00,3.332089552238805957e-02,5.541791044776119834e-01
1.000000000000000000e+00,1.000000000000000000e+00,3.332089552238805957e-02,5.541791044776119834e-01
1.000000000000000000e+00,1.000000000000000000e+00,3.544776119402985592e-02,5.895522388059701857e-01
0.000000000000000000e+00,0.000000000000000000e+00,6.642857142857142572e-01,0.000000000000000000e+00
1.000000000000000000e+00,1.000000000000000000e+00,3.225746268656717181e-02,5.364925373134329378e-01
1.000000000000000000e+00,1.000000000000000000e+00,3.296641791044776365e-02,5.482835820895521906e-01
0.000000000000000000e+00,0.000000000000000000e+00,7.071428571428571841e-01,0.000000000000000000e+00
0.000000000000000000e+00,0.000000000000000000e+00,6.999999999999999556e-01,0.000000000000000000e+00
1.000000000000000000e+00,1.000000000000000000e+00,3.402985074626865836e-02,5.659701492537313472e-01
1.000000000000000000e+00,1.000000000000000000e+00,3.438432835820896122e-02,5.718656716417910291e-01
0.000000000000000000e+00,1.000000000000000000e+00,6.714285714285713746e-01,0.000000000000000000e+00
1.000000000000000000e+00,1.000000000000000000e+00,3.332089552238805957e-02,5.541791044776119834e-01
0.000000000000000000e+00,0.000000000000000000e+00,6.857142857142857206e-01,0.000000000000000000e+00
1.000000000000000000e+00,1.000000000000000000e+00,3.261194029850746773e-02,5.423880597014926197e-01
1.000000000000000000e+00,1.000000000000000000e+00,3.261194029850746773e-02,5.423880597014926197e-01
1.000000000000000000e+00,1.000000000000000000e+00,3.296641791044776365e-02,5.482835820895521906e-01
0.000000000000000000e+00,0.000000000000000000e+00,6.428571428571429047e-01,0.000000000000000000e+00
1.000000000000000000e+00,1.000000000000000000e+00,3.225746268656717181e-02,5.364925373134329378e-01
1.000000000000000000e+00,1.000000000000000000e+00,3.509328358208956000e-02,5.836567164179105038e-01
0.000000000000000000e+00,0.000000000000000000e+00,6.571428571428571397e-01,0.000000000000000000e+00
0.000000000000000000e+00,0.000000000000000000e+00,6.714285714285713746e-01,0.000000000000000000e+00
1.000000000000000000e+00,1.000000000000000000e+00,3.261194029850746773e-02,5.423880597014926197e-01
1.000000000000000000e+00,1.000000000000000000e+00,3.190298507462686894e-02,5.305970149253731449e-01
1.000000000000000000e+00,1.000000000000000000e+00,3.190298507462686894e-02,5.305970149253731449e-01
0.000000000000000000e+00,0.000000000000000000e+00,6.571428571428571397e-01,0.000000000000000000e+00
1.000000000000000000e+00,1.000000000000000000e+00,3.509328358208956000e-02,5.836567164179105038e-01
1.000000000000000000e+00,1.000000000000000000e+00,3.332089552238805957e-02,5.541791044776119834e-01
0.000000000000000000e+00,0.000000000000000000e+00,5.687499999999999778e-01,0.000000000000000000e+00
1.000000000000000000e+00,1.000000000000000000e+00,3.473880597014925714e-02,5.777611940298508220e-01
1.000000000000000000e+00,1.000000000000000000e+00,3.296641791044776365e-02,5.482835820895521906e-01
1.000000000000000000e+00,1.000000000000000000e+00,3.402985074626865836e-02,5.659701492537313472e-01
0.000000000000000000e+00,0.000000000000000000e+00,6.500000000000000222e-01,0.000000000000000000e+00
1.000000000000000000e+00,1.000000000000000000e+00,3.473880597014925714e-02,5.777611940298508220e-01
1.000000000000000000e+00,1.000000000000000000e+00,3.296641791044776365e-02,5.482835820895521906e-01
1.000000000000000000e+00,1.000000000000000000e+00,3.190298507462686894e-02,5.305970149253731449e-01
0.000000000000000000e+00,0.000000000000000000e+00,6.250000000000000000e-01,0.000000000000000000e+00
0.000000000000000000e+00,0.000000000000000000e+00,6.500000000000000222e-01,0.000000000000000000e+00
1.000000000000000000e+00,1.000000000000000000e+00,3.509328358208956000e-02,5.836567164179105038e-01
1.000000000000000000e+00,1.000000000000000000e+00,3.544776119402985592e-02,5.895522388059701857e-01
1.000000000000000000e+00,1.000000000000000000e+00,3.332089552238805957e-02,5.541791044776119834e-01
1.000000000000000000e+00,1.000000000000000000e+00,3.225746268656717181e-02,5.364925373134329378e-01
0.000000000000000000e+00,0.000000000000000000e+00,7.071428571428571841e-01,0.000000000000000000e+00
0.000000000000000000e+00,0.000000000000000000e+00,7.142857142857143016e-01,0.000000000000000000e+00
1.000000000000000000e+00,1.000000000000000000e+00,1.948717948717948803e-02,5.082905982905983056e-01
1.000000000000000000e+00,1.000000000000000000e+00,2.010256410256410636e-02,5.243418803418803398e-01
0.000000000000000000e+00,0.000000000000000000e+00,6.500000000000000222e-01,0.000000000000000000e+00
1.000000000000000000e+00,1.000000000000000000e+00,2.010256410256410636e-02,5.243418803418803398e-01
0.000000000000000000e+00,0.000000000000000000e+00,6.857142857142857206e-01,0.000000000000000000e+00
0.000000000000000000e+00,0.000000000000000000e+00,6.062499999999999556e-01,0.000000000000000000e+00
0.000000000000000000e+00,0.000000000000000000e+00,6.642857142857142572e-01,0.000000000000000000e+00
1.000000000000000000e+00,1.000000000000000000e+00,1.887179487179487664e-02,4.922393162393162713e-01
0.000000000000000000e+00,0.000000000000000000e+00,6.785714285714286031e-01,0.000000000000000000e+00
1.000000000000000000e+00,1.000000000000000000e+00,2.010256410256410636e-02,5.243418803418803398e-01
1.000000000000000000e+00,1.000000000000000000e+00,1.887179487179487664e-02,4.922393162393162713e-01
1.000000000000000000e+00,1.000000000000000000e+00,1.887179487179487664e-02,4.922393162393162713e-01
0.000000000000000000e+00,1.000000000000000000e+00,5.999999999999999778e-01,0.000000000000000000e+00
0.000000000000000000e+00,0.000000000000000000e+00,6.642857142857142572e-01,0.000000000000000000e+00
0.000000000000000000e+00,0.000000000000000000e+00,6.714285714285713746e-01,0.000000000000000000e+00
1.000000000000000000e+00,1.000000000000000000e+00,1.969230769230769645e-02,5.136410256410256503e-01
1.000000000000000000e+00,1.000000000000000000e+00,1.907692307692307812e-02,4.975897435897435606e-01
1.000000000000000000e+00,1.000000000000000000e+00,1.907692307692307812e-02,4.975897435897435606e-01
1.000000000000000000e+00,1.000000000000000000e+00,1.846153846153846673e-02,4.815384615384615263e-01
1.000000000000000000e+00,1.000000000000000000e+00,1.907692307692307812e-02,4.975897435897435606e-01
1.000000000000000000e+00,1.000000000000000000e+00,2.010256410256410636e-02,5.243418803418803398e-01
1.000000000000000000e+00,1.000000000000000000e+00,1.907692307692307812e-02,4.975897435897435606e-01
1.000000000000000000e+00,1.000000000000000000e+00,1.948717948717948803e-02,5.082905982905983056e-01
1.000000000000000000e+00,1.000000000000000000e+00,1.887179487179487664e-02,4.922393162393162713e-01
1.000000000000000000e+00,1.000000000000000000e+00,2.010256410256410636e-02,5.243418803418803398e-01
0.000000000000000000e+00,0.000000000000000000e+00,7.142857142857143016e-01,0.000000000000000000e+00
1.000000000000000000e+00,1.000000000000000000e+00,1.969230769230769645e-02,5.136410256410256503e-01
0.000000000000000000e+00,0.000000000000000000e+00,6.928571428571428381e-01,0.000000000000000000e+00
1.000000000000000000e+00,1.000000000000000000e+00,2.030769230769231132e-02,5.296923076923076845e-01
1.000000000000000000e+00,1.000000000000000000e+00,1.907692307692307812e-02,4.975897435897435606e-01
1.000000000000000000e+00,1.000000000000000000e+00,1.866666666666667168e-02,4.868888888888888711e-01
1.000000000000000000e+00,1.000000000000000000e+00,1.866666666666667168e-02,4.868888888888888711e-01
1.000000000000000000e+00,0.000000000000000000e+00,2.030769230769231132e-02,5.296923076923076845e-01
1.000000000000000000e+00,1.000000000000000000e+00,1.969230769230769645e-02,5.136410256410256503e-01
1.000000000000000000e+00,1.000000000000000000e+00,1.948717948717948803e-02,5.082905982905983056e-01
1.000000000000000000e+00,1.000000000000000000e+00,2.051282051282051627e-02,5.350427350427350293e-01
0.000000000000000000e+00,0.000000000000000000e+00,6.571428571428571397e-01,0.000000000000000000e+00
0.000000000000000000e+00,1.000000000000000000e+00,5.277777777777777901e-01,0.000000000000000000e+00
1.000000000000000000e+00,1.000000000000000000e+00,1.846153846153846673e-02,4.815384615384615263e-01
1.000000000000000000e+00,1.000000000000000000e+00,1.969230769230769645e-02,5.136410256410256503e-01
1.000000000000000000e+00,0.000000000000000000e+00,1.887179487179487664e-02,4.922393162393162713e-01
0.000000000000000000e+00,1.000000000000000000e+00,5.111111111111111827e-01,0.000000000000000000e+00
0.000000000000000000e+00,1.000000000000000000e+00,5.388888888888888618e-01,0.000000000000000000e+00
0.000000000000000000e+00,0.000000000000000000e+00,5.874999999999999112e-01,0.000000000000000000e+00
1.000000000000000000e+00,0.000000000000000000e+00,1.969230769230769645e-02,5.136410256410256503e-01
1.000000000000000000e+00,1.000000000000000000e+00,0.000000000000000000e+00,5.333333333333333259e-01
1.000000000000000000e+00,1.000000000000000000e+00,0.000000000000000000e+00,5.277777777777777901e-01
0.000000000000000000e+00,0.000000000000000000e+00,6.999999999999999556e-01,0.000000000000000000e+00
1.000000000000000000e+00,0.000000000000000000e+00,1.989743589743590141e-02,5.189914529914529950e-01
1.000000000000000000e+00,1.000000000000000000e+00,1.907692307692307812e-02,4.975897435897435606e-01
1.000000000000000000e+00,1.000000000000000000e+00,1.887179487179487664e-02,4.922393162393162713e-01
1.000000000000000000e+00,1.000000000000000000e+00,1.866666666666667168e-02,4.868888888888888711e-01
1.000000000000000000e+00,1.000000000000000000e+00,1.928205128205128308e-02,5.029401709401708498e-01
0.000000000000000000e+00,0.000000000000000000e+00,6.428571428571429047e-01,0.000000000000000000e+00
