2.000000000000000000e+00,0.000000000000000000e+00,8.803786574870912929e-02,0.000000000000000000e+00,4.962134251290877263e-01,8.003442340791738774e-02
3.000000000000000000e+00,3.000000000000000000e+00,0.000000000000000000e+00,0.000000000000000000e+00,0.000000000000000000e+00,5.625000000000000000e-01
2.000000000000000000e+00,0.000000000000000000e+00,9.087779690189330684e-02,0.000000000000000000e+00,5.122203098106712371e-01,8.261617900172117668e-02
2.000000000000000000e+00,2.000000000000000000e+00,8.898450946643718384e-02,0.000000000000000000e+00,5.015490533562821929e-01,8.089500860585198405e-02
3.000000000000000000e+00,3.000000000000000000e+00,0.000000000000000000e+00,0.000000000000000000e+00,0.000000000000000000e+00,5.687499999999999778e-01
1.000000000000000000e+00,1.000000000000000000e+00,0.000000000000000000e+00,7.683823529411764053e-01,0.000000000000000000e+00,2.328431372549019315e-02
3.000000000000000000e+00,3.000000000000000000e+00,0.000000000000000000e+00,0.000000000000000000e+00,0.000000000000000000e+00,5.687499999999999778e-01
3.000000000000000000e+00,3.000000000000000000e+00,0.000000000000000000e+00,0.000000000000000000e+00,0.000000000000000000e+00,5.687499999999999778e-01
2.000000000000000000e+00,2.000000000000000000e+00,9.371772805507747051e-02,0.000000000000000000e+00,5.282271944922547480e-01,8.519793459552496562e-02
3.000000000000000000e+00,3.000000000000000000e+00,0.000000000000000000e+00,0.000000000000000000e+00,0.000000000000000000e+00,5.999999999999999778e-01
2.000000000000000000e+00,0.000000000000000000e+00,9.182444061962136139e-02,0.000000000000000000e+00,5.175559380378657037e-01,8.347676419965577299e-02
3.000000000000000000e+00,3.000000000000000000e+00,0.000000000000000000e+00,0.000000000000000000e+00,0.000000000000000000e+00,5.750000000000000666e-01
2.000000000000000000e+00,2.000000000000000000e+00,9.182444061962136139e-02,0.000000000000000000e+00,5.175559380378657037e-01,8.347676419965577299e-02
2.000000000000000000e+00,3.000000000000000000e+00,9.182444061962136139e-02,0.000000000000000000e+00,5.175559380378657037e-01,8.347676419965577299e-02
1.000000000000000000e+00,1.000000000000000000e+00,0.000000000000000000e+00,7.441176470588235503e-01,0.000000000000000000e+00,2.254901960784313694e-02
2.000000000000000000e+00,0.000000000000000000e+00,9.466437177280552506e-02,0.000000000000000000e+00,5.335628227194492146e-01,8.605851979345956193e-02
3.000000000000000000e+00,3.000000000000000000e+00,0.000000000000000000e+00,0.000000000000000000e+00,0.000000000000000000e+00,6.125000000000000444e-01
1.000000000000000000e+00,1.000000000000000000e+00,0.000000000000000000e+00,5.625000000000000000e-01,0.000000000000000000e+00,0.000000000000000000e+00
1.000000000000000000e+00,3.000000000000000000e+00,0.000000000000000000e+00,6.187500000000000222e-01,0.000000000000000000e+00,0.000000000000000000e+00
3.000000000000000000e+00,3.000000000000000000e+00,0.000000000000000000e+00,0.000000000000000000e+00,0.000000000000000000e+00,6.062499999999999556e-01
3.000000000000000000e+00,3.000000000000000000e+00,0.000000000000000000e+00,0.000000000000000000e+00,0.000000000000000000e+00,6.187500000000000222e-01
3.000000000000000000e+00,3.000000000000000000e+00,0.000000000000000000e+00,0.000000000000000000e+00,0.000000000000000000e+00,6.062499999999999556e-01
2.000000000000000000e+00,2.000000000000000000e+00,9.466437177280552506e-02,0.000000000000000000e+00,5.335628227194492146e-01,8.605851979345956193e-02
1.000000000000000000e+00,1.000000000000000000e+00,0.000000000000000000e+00,7.845588235294117530e-01,0.000000000000000000e+00,2.377450980392156743e-02
3.000000000000000000e+00,3.000000000000000000e+00,0.000000000000000000e+00,0.000000000000000000e+00,0.000000000000000000e+00,6.187500000000000222e-01
3.000000000000000000e+00,3.000000000000000000e+00,0.000000000000000000e+00,0.000000000000000000e+00,0.000000000000000000e+00,5.812499999999999334e-01
2.000000000000000000e+00,2.000000000000000000e+00,1.054673721340388115e-01,0.000000000000000000e+00,4.624338624338624748e-01,8.924162257495590889e-02
2.000000000000000000e+00,2.000000000000000000e+00,1.066137566137566189e-01,0.000000000000000000e+00,4.674603174603174649e-01,9.021164021164020108e-02
2.000000000000000000e+00,0.000000000000000000e+00,1.043209876543210041e-01,0.000000000000000000e+00,4.574074074074074292e-01,8.827160493827160281e-02
3.000000000000000000e+00,3.000000000000000000e+00,0.000000000000000000e+00,0.000000000000000000e+00,0.000000000000000000e+00,6.187500000000000222e-01
3.000000000000000000e+00,3.000000000000000000e+00,0.000000000000000000e+00,0.000000000000000000e+00,0.000000000000000000e+00,5.812499999999999334e-01
2.000000000000000000e+00,2.000000000000000000e+00,1.123456790123456839e-01,0.000000000000000000e+00,4.925925925925926374e-01,9.506172839506171757e-02
2.000000000000000000e+00,2.000000000000000000e+00,1.031746031746031828e-01,0.000000000000000000e+00,4.523809523809524391e-01,8.730158730158729674e-02
2.000000000000000000e+00,0.000000000000000000e+00,1.111992945326278764e-01,0.000000000000000000e+00,4.875661375661375918e-01,9.409171075837741149e-02
1.000000000000000000e+00,1.000000000000000000e+00,0.000000000000000000e+00,8.083333333333333481e-01,0.000000000000000000e+00,0.000000000000000000e+00
3.000000000000000000e+00,3.000000000000000000e+00,0.000000000000000000e+00,0.000000000000000000e+00,0.000000000000000000e+00,6.062499999999999556e-01
2.000000000000000000e+00,2.000000000000000000e+00,1.146384479717813126e-01,0.000000000000000000e+00,5.026455026455026731e-01,9.700176366843032971e-02
3.000000000000000000e+00,3.000000000000000000e+00,0.000000000000000000e+00,0.000000000000000000e+00,0.000000000000000000e+00,6.062499999999999556e-01
2.000000000000000000e+00,2.000000000000000000e+00,1.043209876543210041e-01,0.000000000000000000e+00,4.574074074074074292e-01,8.827160493827160281e-02
2.000000000000000000e+00,2.000000000000000000e+00,1.054673721340388115e-01,0.000000000000000000e+00,4.624338624338624748e-01,8.924162257495590889e-02
2.000000000000000000e+00,2.000000000000000000e+00,1.066137566137566189e-01,0.000000000000000000e+00,4.674603174603174649e-01,9.021164021164020108e-02
2.000000000000000000e+00,2.000000000000000000e+00,1.089065255731922477e-01,0.000000000000000000e+00,4.775132275132275006e-01,9.215167548500881323e-02
2.000000000000000000e+00,2.000000000000000000e+00,1.089065255731922477e-01,0.000000000000000000e+00,4.775132275132275006e-01,9.215167548500881323e-02
3.000000000000000000e+00,3.000000000000000000e+00,0.000000000000000000e+00,0.000000000000000000e+00,0.000000000000000000e+00,6.187500000000000222e-01
1.000000000000000000e+00,1.000000000000000000e+00,0.000000000000000000e+00,7.750000000000000222e-01,0.000000000000000000e+00,0.000000000000000000e+00
2.000000000000000000e+00,0.000000000000000000e+00,1.031746031746031828e-01,0.000000000000000000e+00,4.523809523809524391e-01,8.730158730158729674e-02
1.000000000000000000e+00,1.000000000000000000e+00,0.000000000000000000e+00,7.750000000000000222e-01,0.000000000000000000e+00,0.000000000000000000e+00
2.000000000000000000e+00,0.000000000000000000e+00,1.089065255731922477e-01,0.000000000000000000e+00,4.775132275132275006e-01,9.215167548500881323e-02
1.000000000000000000e+00,1.000000000000000000e+00,0.000000000000000000e+00,7.916666666666666297e-01,0.000000000000000000e+00,0.000000000000000000e+00
3.000000000000000000e+00,3.000000000000000000e+00,0.000000000000000000e+00,0.000000000000000000e+00,0.000000000000000000e+00,5.812499999999999334e-01
1.000000000000000000e+00,1.000000000000000000e+00,0.000000000000000000e+00,8.250000000000000666e-01,0.000000000000000000e+00,0.000000000000000000e+00
2.000000000000000000e+00,2.000000000000000000e+00,1.146384479717813126e-01,0.000000000000000000e+00,5.026455026455026731e-01,9.700176366843032971e-02
1.000000000000000000e+00,1.000000000000000000e+00,0.000000000000000000e+00,7.241379310344827624e-01,0.000000000000000000e+00,2.586206896551724102e-02
2.000000000000000000e+00,2.000000000000000000e+00,1.428571428571428492e-01,0.000000000000000000e+00,4.285714285714286031e-01,7.142857142857142461e-02
2.000000000000000000e+00,2.000000000000000000e+00,1.460317460317460403e-01,0.000000000000000000e+00,4.380952380952381486e-01,7.301587301587302015e-02
1.000000000000000000e+00,1.000000000000000000e+00,0.000000000000000000e+00,7.321839080459771054e-01,0.000000000000000000e+00,2.614942528735632321e-02
3.000000000000000000e+00,3.000000000000000000e+00,0.000000000000000000e+00,0.000000000000000000e+00,0.000000000000000000e+00,6.125000000000000444e-01
1.000000000000000000e+00,1.000000000000000000e+00,0.000000000000000000e+00,7.885057471264367290e-01,0.000000000000000000e+00,2.816091954022988467e-02
3.000000000000000000e+00,3.000000000000000000e+00,0.000000000000000000e+00,0.000000000000000000e+00,0.000000000000000000e+00,5.999999999999999778e-01
3.000000000000000000e+00,3.000000000000000000e+00,0.000000000000000000e+00,0.000000000000000000e+00,0.000000000000000000e+00,6.125000000000000444e-01
2.000000000000000000e+00,0.000000000000000000e+00,1.571428571428571397e-01,0.000000000000000000e+00,4.714285714285714746e-01,7.857142857142856984e-02
1.000000000000000000e+00,1.000000000000000000e+00,0.000000000000000000e+00,7.241379310344827624e-01,0.000000000000000000e+00,2.586206896551724102e-02
2.000000000000000000e+00,2.000000000000000000e+00,1.476190476190475942e-01,0.000000000000000000e+00,4.428571428571428381e-01,7.380952380952379710e-02
2.000000000000000000e+00,2.000000000000000000e+00,1.428571428571428492e-01,0.000000000000000000e+00,4.285714285714286031e-01,7.142857142857142461e-02
2.000000000000000000e+00,3.000000000000000000e+00,1.571428571428571397e-01,0.000000000000000000e+00,4.714285714285714746e-01,7.857142857142856984e-02
2.000000000000000000e+00,3.000000000000000000e+00,1.444444444444444309e-01,0.000000000000000000e+00,4.333333333333333481e-01,7.222222222222221544e-02
1.000000000000000000e+00,1.000000000000000000e+00,0.000000000000000000e+00,7.643678160919540332e-01,0.000000000000000000e+00,2.729885057471264156e-02
2.000000000000000000e+00,2.000000000000000000e+00,1.539682539682539486e-01,0.000000000000000000e+00,4.619047619047619291e-01,7.698412698412697430e-02
2.000000000000000000e+00,2.000000000000000000e+00,1.428571428571428492e-01,0.000000000000000000e+00,4.285714285714286031e-01,7.142857142857142461e-02
1.000000000000000000e+00,1.000000000000000000e+00,0.000000000000000000e+00,7.885057471264367290e-01,0.000000000000000000e+00,2.816091954022988467e-02
1.000000000000000000e+00,1.000000000000000000e+00,0.000000000000000000e+00,7.724137931034482651e-01,0.000000000000000000e+00,2.758620689655172376e-02
1.000000000000000000e+00,1.000000000000000000e+00,0.000000000000000000e+00,7.804597701149424971e-01,0.000000000000000000e+00,2.787356321839080248e-02
2.000000000000000000e+00,2.000000000000000000e+00,1.444444444444444309e-01,0.000000000000000000e+00,4.333333333333333481e-01,7.222222222222221544e-02
2.000000000000000000e+00,2.000000000000000000e+00,1.539682539682539486e-01,0.000000000000000000e+00,4.619047619047619291e-01,7.698412698412697430e-02
2.000000000000000000e+00,0.000000000000000000e+00,1.523809523809523669e-01,0.000000000000000000e+00,4.571428571428571286e-01,7.619047619047618347e-02
2.000000000000000000e+00,3.000000000000000000e+00,1.492063492063491759e-01,0.000000000000000000e+00,4.476190476190476386e-01,7.460317460317458793e-02
3.000000000000000000e+00,3.000000000000000000e+00,0.000000000000000000e+00,0.000000000000000000e+00,0.000000000000000000e+00,5.687499999999999778e-01
1.000000000000000000e+00,1.000000000000000000e+00,0.000000000000000000e+00,7.804597701149424971e-01,0.000000000000000000e+00,2.787356321839080248e-02
3.000000000000000000e+00,3.000000000000000000e+00,0.000000000000000000e+00,8.421052631578947179e-02,0.000000000000000000e+00,6.015037593984962072e-01
3.000000000000000000e+00,1.000000000000000000e+00,0.000000000000000000e+00,8.596491228070174406e-02,0.000000000000000000e+00,6.140350877192981560e-01
3.000000000000000000e+00,3.000000000000000000e+00,0.000000000000000000e+00,8.684210526315788714e-02,0.000000000000000000e+00,6.203007518796992414e-01
3.000000000000000000e+00,1.000000000000000000e+00,0.000000000000000000e+00,8.508771929824560099e-02,0.000000000000000000e+00,6.077694235588971816e-01
3.000000000000000000e+00,3.000000000000000000e+00,0.000000000000000000e+00,8.421052631578947179e-02,0.000000000000000000e+00,6.015037593984962072e-01
3.000000000000000000e+00,3.000000000000000000e+00,0.000000000000000000e+00,8.070175438596491335e-02,0.000000000000000000e+00,5.764411027568921986e-01
3.000000000000000000e+00,3.000000000000000000e+00,0.000000000000000000e+00,7.894736842105262720e-02,0.000000000000000000e+00,5.639097744360902498e-01
3.000000000000000000e+00,2.000000000000000000e+00,0.000000000000000000e+00,8.421052631578947179e-02,0.000000000000000000e+00,6.015037593984962072e-01
2.000000000000000000e+00,3.000000000000000000e+00,1.484693877551020447e-01,0.000000000000000000e+00,4.619047619047619291e-01,8.248299319727890599e-02
3.000000000000000000e+00,3.000000000000000000e+00,0.000000000000000000e+00,8.157894736842104255e-02,0.000000000000000000e+00,5.827067669172931730e-01
2.000000000000000000e+00,2.000000000000000000e+00,1.392857142857142905e-01,0.000000000000000000e+00,4.333333333333333481e-01,7.738095238095238360e-02
2.000000000000000000e+00,2.000000000000000000e+00,1.377551020408163407e-01,0.000000000000000000e+00,4.285714285714286031e-01,7.653061224489796088e-02
3.000000000000000000e+00,3.000000000000000000e+00,0.000000000000000000e+00,8.245614035087718563e-02,0.000000000000000000e+00,5.889724310776941474e-01
3.000000000000000000e+00,1.000000000000000000e+00,0.000000000000000000e+00,8.333333333333332871e-02,0.000000000000000000e+00,5.952380952380951218e-01
1.000000000000000000e+00,1.000000000000000000e+00,0.000000000000000000e+00,8.000000000000000444e-01,0.000000000000000000e+00,0.000000000000000000e+00
3.000000000000000000e+00,1.000000000000000000e+00,0.000000000000000000e+00,8.333333333333332871e-02,0.000000000000000000e+00,5.952380952380951218e-01
3.000000000000000000e+00,3.000000000000000000e+00,0.000000000000000000e+00,8.771929824561403022e-02,0.000000000000000000e+00,6.265664160401002158e-01
2.000000000000000000e+00,0.000000000000000000e+00,1.392857142857142905e-01,0.000000000000000000e+00,4.333333333333333481e-01,7.738095238095238360e-02
2.000000000000000000e+00,2.000000000000000000e+00,1.499999999999999944e-01,0.000000000000000000e+00,4.666666666666666741e-01,8.333333333333332871e-02
3.000000000000000000e+00,3.000000000000000000e+00,0.000000000000000000e+00,8.157894736842104255e-02,0.000000000000000000e+00,5.827067669172931730e-01
2.000000000000000000e+00,2.000000000000000000e+00,1.499999999999999944e-01,0.000000000000000000e+00,4.666666666666666741e-01,8.333333333333332871e-02
1.000000000000000000e+00,1.000000000000000000e+00,0.000000000000000000e+00,7.750000000000000222e-01,0.000000000000000000e+00,0.000000000000000000e+00
3.000000000000000000e+00,3.000000000000000000e+00,0.000000000000000000e+00,7.894736842105262720e-02,0.000000000000000000e+00,5.639097744360902498e-01
1.000000000000000000e+00,1.000000000000000000e+00,0.000000000000000000e+00,8.333333333333333703e-01,0.000000000000000000e+00,0.000000000000000000e+00
1.000000000000000000e+00,1.000000000000000000e+00,0.000000000000000000e+00,8.000000000000000444e-01,0.000000000000000000e+00,0.000000000000000000e+00
2.000000000000000000e+00,2.000000000000000000e+00,1.454081632653061174e-01,0.000000000000000000e+00,4.523809523809523836e-01,8.078231292517006057e-02
2.000000000000000000e+00,2.000000000000000000e+00,1.239242685025817581e-01,0.000000000000000000e+00,4.874354561101549299e-01,7.435456110154904652e-02
1.000000000000000000e+00,1.000000000000000000e+00,0.000000000000000000e+00,7.534722222222222099e-01,0.000000000000000000e+00,2.152777777777777415e-02
1.000000000000000000e+00,1.000000000000000000e+00,0.000000000000000000e+00,7.291666666666667407e-01,0.000000000000000000e+00,2.083333333333333218e-02
1.000000000000000000e+00,1.000000000000000000e+00,0.000000000000000000e+00,8.101851851851852304e-01,0.000000000000000000e+00,2.314814814814814686e-02
1.000000000000000000e+00,1.000000000000000000e+00,0.000000000000000000e+00,7.615740740740740700e-01,0.000000000000000000e+00,2.175925925925925597e-02
1.000000000000000000e+00,1.000000000000000000e+00,0.000000000000000000e+00,5.812499999999999334e-01,0.000000000000000000e+00,0.000000000000000000e+00
2.000000000000000000e+00,2.000000000000000000e+00,1.161790017211704051e-01,0.000000000000000000e+00,4.569707401032702676e-01,6.970740103270224586e-02
2.000000000000000000e+00,2.000000000000000000e+00,1.252151462994836595e-01,0.000000000000000000e+00,4.925129087779690495e-01,7.512908777969018459e-02
3.000000000000000000e+00,3.000000000000000000e+00,0.000000000000000000e+00,0.000000000000000000e+00,0.000000000000000000e+00,5.812499999999999334e-01
2.000000000000000000e+00,2.000000000000000000e+00,1.161790017211704051e-01,0.000000000000000000e+00,4.569707401032702676e-01,6.970740103270224586e-02
3.000000000000000000e+00,3.000000000000000000e+00,0.000000000000000000e+00,0.000000000000000000e+00,0.000000000000000000e+00,5.687499999999999778e-01
2.000000000000000000e+00,2.000000000000000000e+00,1.187607573149741941e-01,0.000000000000000000e+00,4.671256454388985069e-01,7.125645438898450812e-02
3.000000000000000000e+00,3.000000000000000000e+00,0.000000000000000000e+00,0.000000000000000000e+00,0.000000000000000000e+00,6.125000000000000444e-01
3.000000000000000000e+00,3.000000000000000000e+00,0.000000000000000000e+00,0.000000000000000000e+00,0.000000000000000000e+00,5.750000000000000666e-01
2.000000000000000000e+00,3.000000000000000000e+00,1.290877796901893360e-01,0.000000000000000000e+00,5.077452667814114085e-01,7.745266781411359880e-02
1.000000000000000000e+00,1.000000000000000000e+00,0.000000000000000000e+00,7.777777777777777901e-01,0.000000000000000000e+00,2.222222222222221960e-02
1.000000000000000000e+00,1.000000000000000000e+00,0.000000000000000000e+00,7.372685185185186008e-01,0.000000000000000000e+00,2.106481481481481399e-02
1.000000000000000000e+00,1.000000000000000000e+00,0.000000000000000000e+00,7.858796296296296502e-01,0.000000000000000000e+00,2.245370370370370142e-02
1.000000000000000000e+00,1.000000000000000000e+00,0.000000000000000000e+00,5.937500000000000000e-01,0.000000000000000000e+00,0.000000000000000000e+00
2.000000000000000000e+00,0.000000000000000000e+00,1.200516351118760677e-01,0.000000000000000000e+00,4.722030981067125710e-01,7.203098106712564619e-02
2.000000000000000000e+00,2.000000000000000000e+00,1.290877796901893360e-01,0.000000000000000000e+00,5.077452667814114085e-01,7.745266781411359880e-02
3.000000000000000000e+00,3.000000000000000000e+00,0.000000000000000000e+00,0.000000000000000000e+00,0.000000000000000000e+00,6.125000000000000444e-01
3.000000000000000000e+00,3.000000000000000000e+00,0.000000000000000000e+00,0.000000000000000000e+00,0.000000000000000000e+00,5.812499999999999334e-01
3.000000000000000000e+00,1.000000000000000000e+00,0.000000000000000000e+00,0.000000000000000000e+00,0.000000000000000000e+00,5.812499999999999334e-01
3.000000000000000000e+00,3.000000000000000000e+00,0.000000000000000000e+00,0.000000000000000000e+00,0.000000000000000000e+00,5.937500000000000000e-01
3.000000000000000000e+00,3.000000000000000000e+00,0.000000000000000000e+00,0.000000000000000000e+00,0.000000000000000000e+00,5.999999999999999778e-01
2.000000000000000000e+00,2.000000000000000000e+00,1.316455696202531722e-01,0.000000000000000000e+00,4.525316455696203333e-01,6.582278481012658611e-02
1.000000000000000000e+00,1.000000000000000000e+00,0.000000000000000000e+00,7.441176470588235503e-01,0.000000000000000000e+00,2.254901960784313694e-02
1.000000000000000000e+00,1.000000000000000000e+00,0.000000000000000000e+00,7.279411764705883137e-01,0.000000000000000000e+00,2.205882352941176613e-02
3.000000000000000000e+00,3.000000000000000000e+00,0.000000000000000000e+00,1.116071428571428596e-02,0.000000000000000000e+00,6.138392857142856984e-01
2.000000000000000000e+00,2.000000000000000000e+00,1.359855334538878913e-01,0.000000000000000000e+00,4.674502712477396349e-01,6.799276672694394563e-02
3.000000000000000000e+00,3.000000000000000000e+00,0.000000000000000000e+00,1.082589285714285685e-02,0.000000000000000000e+00,5.954241071428570953e-01
2.000000000000000000e+00,0.000000000000000000e+00,1.359855334538878913e-01,0.000000000000000000e+00,4.674502712477396349e-01,6.799276672694394563e-02
2.000000000000000000e+00,3.000000000000000000e+00,1.330922242314647452e-01,0.000000000000000000e+00,4.575045207956601190e-01,6.654611211573237262e-02
2.000000000000000000e+00,2.000000000000000000e+00,1.417721518987341833e-01,0.000000000000000000e+00,4.873417721518987777e-01,7.088607594936709166e-02
1.000000000000000000e+00,1.000000000000000000e+00,0.000000000000000000e+00,8.007352941176471006e-01,0.000000000000000000e+00,2.426470588235294171e-02
1.000000000000000000e+00,1.000000000000000000e+00,0.000000000000000000e+00,7.926470588235293713e-01,0.000000000000000000e+00,2.401960784313725283e-02
3.000000000000000000e+00,3.000000000000000000e+00,0.000000000000000000e+00,1.060267857142857192e-02,0.000000000000000000e+00,5.831473214285713969e-01
3.000000000000000000e+00,3.000000000000000000e+00,0.000000000000000000e+00,1.015625000000000035e-02,0.000000000000000000e+00,5.585937500000000000e-01
2.000000000000000000e+00,2.000000000000000000e+00,1.417721518987341833e-01,0.000000000000000000e+00,4.873417721518987777e-01,7.088607594936709166e-02
2.000000000000000000e+00,3.000000000000000000e+00,1.432188065099457563e-01,0.000000000000000000e+00,4.923146473779385635e-01,7.160940325497287817e-02
2.000000000000000000e+00,2.000000000000000000e+00,1.388788426763110373e-01,0.000000000000000000e+00,4.773960216998192063e-01,6.943942133815551865e-02
2.000000000000000000e+00,3.000000000000000000e+00,1.432188065099457563e-01,0.000000000000000000e+00,4.923146473779385635e-01,7.160940325497287817e-02
2.000000000000000000e+00,0.000000000000000000e+00,1.417721518987341833e-01,0.000000000000000000e+00,4.873417721518987777e-01,7.088607594936709166e-02
2.000000000000000000e+00,2.000000000000000000e+00,1.432188065099457563e-01,0.000000000000000000e+00,4.923146473779385635e-01,7.160940325497287817e-02
2.000000000000000000e+00,2.000000000000000000e+00,1.374321880650994643e-01,0.000000000000000000e+00,4.724231464737794206e-01,6.871609403254973214e-02
1.000000000000000000e+00,1.000000000000000000e+00,0.000000000000000000e+00,7.360294117647059320e-01,0.000000000000000000e+00,2.230392156862745154e-02
2.000000000000000000e+00,2.000000000000000000e+00,1.330922242314647452e-01,0.000000000000000000e+00,4.575045207956601190e-01,6.654611211573237262e-02
3.000000000000000000e+00,3.000000000000000000e+00,0.000000000000000000e+00,1.049107142857142773e-02,0.000000000000000000e+00,5.770089285714284921e-01
1.000000000000000000e+00,1.000000000000000000e+00,0.000000000000000000e+00,8.007352941176471006e-01,0.000000000000000000e+00,2.426470588235294171e-02
2.000000000000000000e+00,0.000000000000000000e+00,1.359855334538878913e-01,0.000000000000000000e+00,4.674502712477396349e-01,6.799276672694394563e-02
2.000000000000000000e+00,0.000000000000000000e+00,1.417721518987341833e-01,0.000000000000000000e+00,4.873417721518987777e-01,7.088607594936709166e-02
3.000000000000000000e+00,3.000000000000000000e+00,0.000000000000000000e+00,0.000000000000000000e+00,0.000000000000000000e+00,5.687499999999999778e-01
2.000000000000000000e+00,2.000000000000000000e+00,1.465460526315789658e-01,0.000000000000000000e+00,4.477796052631579093e-01,2.442434210526315749e-02
1.000000000000000000e+00,3.000000000000000000e+00,0.000000000000000000e+00,7.500000000000000000e-01,0.000000000000000000e+00,0.000000000000000000e+00
1.000000000000000000e+00,1.000000000000000000e+00,0.000000000000000000e+00,8.166666666666666519e-01,0.000000000000000000e+00,0.000000000000000000e+00
1.000000000000000000e+00,1.000000000000000000e+00,0.000000000000000000e+00,7.500000000000000000e-01,0.000000000000000000e+00,0.000000000000000000e+00
3.000000000000000000e+00,3.000000000000000000e+00,0.000000000000000000e+00,0.000000000000000000e+00,0.000000000000000000e+00,6.250000000000000000e-01
1.000000000000000000e+00,1.000000000000000000e+00,0.000000000000000000e+00,7.916666666666666297e-01,0.000000000000000000e+00,0.000000000000000000e+00
1.000000000000000000e+00,1.000000000000000000e+00,0.000000000000000000e+00,8.000000000000000444e-01,0.000000000000000000e+00,0.000000000000000000e+00
2.000000000000000000e+00,3.000000000000000000e+00,1.435855263157894968e-01,0.000000000000000000e+00,4.387335526315789824e-01,2.393092105263157701e-02
3.000000000000000000e+00,2.000000000000000000e+00,0.000000000000000000e+00,0.000000000000000000e+00,1.000000000000000056e-01,5.000000000000000000e-01
3.000000000000000000e+00,3.000000000000000000e+00,0.000000000000000000e+00,0.000000000000000000e+00,0.000000000000000000e+00,5.937500000000000000e-01
1.000000000000000000e+00,1.000000000000000000e+00,0.000000000000000000e+00,8.166666666666666519e-01,0.000000000000000000e+00,0.000000000000000000e+00
2.000000000000000000e+00,3.000000000000000000e+00,1.376644736842105310e-01,0.000000000000000000e+00,4.206414473684210731e-01,2.294407894736841952e-02
3.000000000000000000e+00,3.000000000000000000e+00,0.000000000000000000e+00,0.000000000000000000e+00,0.000000000000000000e+00,5.687499999999999778e-01
2.000000000000000000e+00,2.000000000000000000e+00,1.376644736842105310e-01,0.000000000000000000e+00,4.206414473684210731e-01,2.294407894736841952e-02
1.000000000000000000e+00,1.000000000000000000e+00,0.000000000000000000e+00,8.250000000000000666e-01,0.000000000000000000e+00,0.000000000000000000e+00
3.000000000000000000e+00,3.000000000000000000e+00,0.000000000000000000e+00,0.000000000000000000e+00,0.000000000000000000e+00,5.937500000000000000e-01
2.000000000000000000e+00,2.000000000000000000e+00,1.361842105263157965e-01,0.000000000000000000e+00,4.161184210526316374e-01,2.269736842105263275e-02
2.000000000000000000e+00,2.000000000000000000e+00,1.332236842105263275e-01,0.000000000000000000e+00,4.070723684210526550e-01,2.220394736842105227e-02
3.000000000000000000e+00,3.000000000000000000e+00,0.000000000000000000e+00,0.000000000000000000e+00,0.000000000000000000e+00,5.625000000000000000e-01
2.000000000000000000e+00,0.000000000000000000e+00,1.406250000000000000e-01,0.000000000000000000e+00,4.296875000000000000e-01,2.343750000000000000e-02
1.000000000000000000e+00,1.000000000000000000e+00,0.000000000000000000e+00,8.166666666666666519e-01,0.000000000000000000e+00,0.000000000000000000e+00
3.000000000000000000e+00,3.000000000000000000e+00,0.000000000000000000e+00,0.000000000000000000e+00,0.000000000000000000e+00,5.937500000000000000e-01
3.000000000000000000e+00,3.000000000000000000e+00,0.000000000000000000e+00,0.000000000000000000e+00,0.000000000000000000e+00,5.812499999999999334e-01
3.000000000000000000e+00,3.000000000000000000e+00,0.000000000000000000e+00,0.000000000000000000e+00,0.000000000000000000e+00,5.812499999999999334e-01
3.000000000000000000e+00,3.000000000000000000e+00,0.000000000000000000e+00,0.000000000000000000e+00,0.000000000000000000e+00,5.812499999999999334e-01
1.000000000000000000e+00,1.000000000000000000e+00,0.000000000000000000e+00,8.119658119658119677e-01,0.000000000000000000e+00,2.136752136752136794e-02
2.000000000000000000e+00,2.000000000000000000e+00,1.446654611211573294e-01,0.000000000000000000e+00,4.520795660036167063e-01,1.175406871609403214e-01
1.000000000000000000e+00,1.000000000000000000e+00,0.000000000000000000e+00,7.794871794871794934e-01,0.000000000000000000e+00,2.051282051282051280e-02
3.000000000000000000e+00,3.000000000000000000e+00,0.000000000000000000e+00,1.223958333333333322e-02,0.000000000000000000e+00,5.752604166666667185e-01
1.000000000000000000e+00,1.000000000000000000e+00,0.000000000000000000e+00,7.470085470085470192e-01,0.000000000000000000e+00,1.965811965811965767e-02
3.000000000000000000e+00,3.000000000000000000e+00,0.000000000000000000e+00,1.197916666666666748e-02,0.000000000000000000e+00,5.630208333333334147e-01
3.000000000000000000e+00,3.000000000000000000e+00,0.000000000000000000e+00,1.210937500000000035e-02,0.000000000000000000e+00,5.691406250000000666e-01
2.000000000000000000e+00,0.000000000000000000e+00,1.345388788426763182e-01,0.000000000000000000e+00,4.204339963833634841e-01,1.093128390596744964e-01
3.000000000000000000e+00,3.000000000000000000e+00,0.000000000000000000e+00,1.236979166666666609e-02,0.000000000000000000e+00,5.813802083333333703e-01
2.000000000000000000e+00,2.000000000000000000e+00,1.316455696202531722e-01,0.000000000000000000e+00,4.113924050632912222e-01,1.069620253164556972e-01
2.000000000000000000e+00,2.000000000000000000e+00,1.345388788426763182e-01,0.000000000000000000e+00,4.204339963833634841e-01,1.093128390596744964e-01
2.000000000000000000e+00,2.000000000000000000e+00,1.417721518987341833e-01,0.000000000000000000e+00,4.430379746835443888e-01,1.151898734177215083e-01
2.000000000000000000e+00,0.000000000000000000e+00,1.432188065099457563e-01,0.000000000000000000e+00,4.475587703435805476e-01,1.163652802893309218e-01
2.000000000000000000e+00,0.000000000000000000e+00,1.374321880650994643e-01,0.000000000000000000e+00,4.294755877034358571e-01,1.116636528028932956e-01
2.000000000000000000e+00,2.000000000000000000e+00,1.359855334538878913e-01,0.000000000000000000e+00,4.249547920433996984e-01,1.104882459312838960e-01
2.000000000000000000e+00,2.000000000000000000e+00,1.345388788426763182e-01,0.000000000000000000e+00,4.204339963833634841e-01,1.093128390596744964e-01
3.000000000000000000e+00,3.000000000000000000e+00,0.000000000000000000e+00,1.184895833333333461e-02,0.000000000000000000e+00,5.569010416666667629e-01
2.000000000000000000e+00,2.000000000000000000e+00,1.446654611211573294e-01,0.000000000000000000e+00,4.520795660036167063e-01,1.175406871609403214e-01
2.000000000000000000e+00,2.000000000000000000e+00,1.403254972875226103e-01,0.000000000000000000e+00,4.385171790235081746e-01,1.140144665461121087e-01
2.000000000000000000e+00,2.000000000000000000e+00,1.403254972875226103e-01,0.000000000000000000e+00,4.385171790235081746e-01,1.140144665461121087e-01
2.000000000000000000e+00,2.000000000000000000e+00,1.345388788426763182e-01,0.000000000000000000e+00,4.204339963833634841e-01,1.093128390596744964e-01
3.000000000000000000e+00,3.000000000000000000e+00,0.000000000000000000e+00,1.302083333333333391e-02,0.000000000000000000e+00,6.119791666666667407e-01
2.000000000000000000e+00,2.000000000000000000e+00,1.432188065099457563e-01,0.000000000000000000e+00,4.475587703435805476e-01,1.163652802893309218e-01
1.000000000000000000e+00,1.000000000000000000e+00,0.000000000000000000e+00,5.937500000000000000e-01,0.000000000000000000e+00,0.000000000000000000e+00
2.000000000000000000e+00,2.000000000000000000e+00,1.374321880650994643e-01,0.000000000000000000e+00,4.294755877034358571e-01,1.116636528028932956e-01
2.000000000000000000e+00,2.000000000000000000e+00,1.316455696202531722e-01,0.000000000000000000e+00,4.113924050632912222e-01,1.069620253164556972e-01
2.000000000000000000e+00,2.000000000000000000e+00,1.158536585365853716e-01,0.000000000000000000e+00,4.882404181184668568e-01,7.447735191637630536e-02
2.000000000000000000e+00,2.000000000000000000e+00,1.121951219512195286e-01,0.000000000000000000e+00,4.728222996515679677e-01,7.212543554006969893e-02
2.000000000000000000e+00,0.000000000000000000e+00,1.207317073170731808e-01,0.000000000000000000e+00,5.087979094076654496e-01,7.761324041811847041e-02
2.000000000000000000e+00,3.000000000000000000e+00,1.158536585365853716e-01,0.000000000000000000e+00,4.882404181184668568e-01,7.447735191637630536e-02
1.000000000000000000e+00,1.000000000000000000e+00,0.000000000000000000e+00,8.166666666666666519e-01,0.000000000000000000e+00,0.000000000000000000e+00
3.000000000000000000e+00,3.000000000000000000e+00,0.000000000000000000e+00,1.166666666666666685e-01,0.000000000000000000e+00,5.833333333333334814e-01
1.000000000000000000e+00,1.000000000000000000e+00,0.000000000000000000e+00,8.250000000000000666e-01,0.000000000000000000e+00,0.000000000000000000e+00
2.000000000000000000e+00,2.000000000000000000e+00,1.146341463414634193e-01,0.000000000000000000e+00,4.831010452961672086e-01,7.369337979094077451e-02
3.000000000000000000e+00,3.000000000000000000e+00,0.000000000000000000e+00,1.083333333333333370e-01,0.000000000000000000e+00,5.416666666666667407e-01
3.000000000000000000e+00,3.000000000000000000e+00,0.000000000000000000e+00,1.142857142857142821e-01,0.000000000000000000e+00,5.714285714285715079e-01
3.000000000000000000e+00,3.000000000000000000e+00,0.000000000000000000e+00,1.095238095238095372e-01,0.000000000000000000e+00,5.476190476190477829e-01
2.000000000000000000e+00,2.000000000000000000e+00,1.207317073170731808e-01,0.000000000000000000e+00,5.087979094076654496e-01,7.761324041811847041e-02
3.000000000000000000e+00,3.000000000000000000e+00,0.000000000000000000e+00,1.130952380952380959e-01,0.000000000000000000e+00,5.654761904761905766e-01
3.000000000000000000e+00,3.000000000000000000e+00,0.000000000000000000e+00,1.154761904761904823e-01,0.000000000000000000e+00,5.773809523809524391e-01
2.000000000000000000e+00,2.000000000000000000e+00,1.109756097560975763e-01,0.000000000000000000e+00,4.676829268292683195e-01,7.134146341463415419e-02
2.000000000000000000e+00,2.000000000000000000e+00,1.219512195121951331e-01,0.000000000000000000e+00,5.139372822299651533e-01,7.839721254355401514e-02
2.000000000000000000e+00,2.000000000000000000e+00,1.121951219512195286e-01,0.000000000000000000e+00,4.728222996515679677e-01,7.212543554006969893e-02
3.000000000000000000e+00,1.000000000000000000e+00,0.000000000000000000e+00,1.142857142857142821e-01,0.000000000000000000e+00,5.714285714285715079e-01
2.000000000000000000e+00,0.000000000000000000e+00,1.158536585365853716e-01,0.000000000000000000e+00,4.882404181184668568e-01,7.447735191637630536e-02
1.000000000000000000e+00,1.000000000000000000e+00,0.000000000000000000e+00,7.916666666666666297e-01,0.000000000000000000e+00,0.000000000000000000e+00
2.000000000000000000e+00,2.000000000000000000e+00,1.182926829268292762e-01,0.000000000000000000e+00,4.985191637630662087e-01,7.604529616724739483e-02
2.000000000000000000e+00,3.000000000000000000e+00,1.219512195121951331e-01,0.000000000000000000e+00,5.139372822299651533e-01,7.839721254355401514e-02
3.000000000000000000e+00,3.000000000000000000e+00,0.000000000000000000e+00,1.142857142857142821e-01,0.000000000000000000e+00,5.714285714285715079e-01
2.000000000000000000e+00,2.000000000000000000e+00,1.195121951219512285e-01,0.000000000000000000e+00,5.036585365853658569e-01,7.682926829268293956e-02
2.000000000000000000e+00,0.000000000000000000e+00,1.146341463414634193e-01,0.000000000000000000e+00,4.831010452961672086e-01,7.369337979094077451e-02
2.000000000000000000e+00,2.000000000000000000e+00,1.207317073170731808e-01,0.000000000000000000e+00,5.087979094076654496e-01,7.761324041811847041e-02
2.000000000000000000e+00,2.000000000000000000e+00,1.674397031539888725e-01,0.000000000000000000e+00,4.406307977736549364e-01,7.050092764378478039e-02
1.000000000000000000e+00,1.000000000000000000e+00,0.000000000000000000e+00,7.939814814814815103e-01,0.000000000000000000e+00,2.268518518518518323e-02
1.000000000000000000e+00,1.000000000000000000e+00,0.000000000000000000e+00,7.696759259259259300e-01,0.000000000000000000e+00,2.199074074074073779e-02
2.000000000000000000e+00,2.000000000000000000e+00,1.621521335807050435e-01,0.000000000000000000e+00,4.267161410018553425e-01,6.827458256029685091e-02
2.000000000000000000e+00,0.000000000000000000e+00,1.744897959183673575e-01,0.000000000000000000e+00,4.591836734693877653e-01,7.346938775510204744e-02
2.000000000000000000e+00,2.000000000000000000e+00,1.709647495361781289e-01,0.000000000000000000e+00,4.499072356215213508e-01,7.198515769944341391e-02
1.000000000000000000e+00,1.000000000000000000e+00,0.000000000000000000e+00,5.999999999999999778e-01,0.000000000000000000e+00,0.000000000000000000e+00
2.000000000000000000e+00,2.000000000000000000e+00,1.762523191094619857e-01,0.000000000000000000e+00,4.638218923933210003e-01,7.421150278293135727e-02
3.000000000000000000e+00,3.000000000000000000e+00,0.000000000000000000e+00,1.093749999999999931e-02,0.000000000000000000e+00,6.015625000000000000e-01
3.000000000000000000e+00,3.000000000000000000e+00,0.000000000000000000e+00,1.015625000000000035e-02,0.000000000000000000e+00,5.585937500000000000e-01
2.000000000000000000e+00,2.000000000000000000e+00,1.656771799628942443e-01,0.000000000000000000e+00,4.359925788497217014e-01,6.975881261595547056e-02
2.000000000000000000e+00,2.000000000000000000e+00,1.727272727272727293e-01,0.000000000000000000e+00,4.545454545454545858e-01,7.272727272727272374e-02
1.000000000000000000e+00,1.000000000000000000e+00,0.000000000000000000e+00,7.939814814814815103e-01,0.000000000000000000e+00,2.268518518518518323e-02
2.000000000000000000e+00,2.000000000000000000e+00,1.603896103896104153e-01,0.000000000000000000e+00,4.220779220779221075e-01,6.753246753246754108e-02
3.000000000000000000e+00,3.000000000000000000e+00,0.000000000000000000e+00,1.015625000000000035e-02,0.000000000000000000e+00,5.585937500000000000e-01
2.000000000000000000e+00,2.000000000000000000e+00,1.603896103896104153e-01,0.000000000000000000e+00,4.220779220779221075e-01,6.753246753246754108e-02
2.000000000000000000e+00,2.000000000000000000e+00,1.692022263450835007e-01,0.000000000000000000e+00,4.452690166975881714e-01,7.124304267161410409e-02
2.000000000000000000e+00,2.000000000000000000e+00,1.692022263450835007e-01,0.000000000000000000e+00,4.452690166975881714e-01,7.124304267161410409e-02
1.000000000000000000e+00,1.000000000000000000e+00,0.000000000000000000e+00,7.534722222222222099e-01,0.000000000000000000e+00,2.152777777777777415e-02
3.000000000000000000e+00,3.000000000000000000e+00,0.000000000000000000e+00,1.004464285714285789e-02,0.000000000000000000e+00,5.524553571428570953e-01
3.000000000000000000e+00,3.000000000000000000e+00,0.000000000000000000e+00,1.104910714285714350e-02,0.000000000000000000e+00,6.077008928571427937e-01
2.000000000000000000e+00,2.000000000000000000e+00,1.727272727272727293e-01,0.000000000000000000e+00,4.545454545454545858e-01,7.272727272727272374e-02
1.000000000000000000e+00,1.000000000000000000e+00,0.000000000000000000e+00,7.858796296296296502e-01,0.000000000000000000e+00,2.245370370370370142e-02
2.000000000000000000e+00,2.000000000000000000e+00,1.603896103896104153e-01,0.000000000000000000e+00,4.220779220779221075e-01,6.753246753246754108e-02
